,ID,DemAffl,DemAge,DemClusterGroup,DemGender,DemReg,DemTVReg,LoyalClass,LoyalSpend,LoyalTime,TargetBuy,prob_0,prob_1
0,140,10,76.0,3,3,1,4,0,16000.0,4.0,,0.9430710687239324,0.05692893127606762
1,620,4,49.0,4,3,1,4,0,6000.0,5.0,,0.9352445953754784,0.0647554046245215
2,868,5,70.0,4,1,1,4,2,0.02,8.0,,0.9554008590847883,0.04459914091521162
3,1120,10,65.0,6,2,1,9,3,0.01,7.0,,0.8689318451533696,0.13106815484663042
4,2313,11,68.0,1,1,1,9,3,0.01,8.0,,0.832691028591289,0.167308971408711
5,2771,9,72.0,4,3,2,12,1,20759.8,3.0,,0.9510313357660298,0.04896866423397017
6,3131,11,74.0,1,1,1,7,3,0.01,8.0,,0.8741386297503291,0.1258613702496709
7,3328,13,62.0,4,2,2,10,3,0.01,5.0,,0.743237660803566,0.25676233919643404
8,4529,10,62.0,6,2,1,7,2,2038.76,3.0,,0.8446700576483916,0.1553299423516084
9,5886,14,43.0,6,1,0,0,0,6000.0,1.0,,0.3084471765117417,0.6915528234882583
10,7420,7,60.0,6,1,2,10,0,11000.0,2.0,,0.8803379463560435,0.11966205364395659
11,10006,9,51.0,6,1,1,9,2,300.0,11.0,,0.721982230745551,0.27801776925444893
12,10219,6,64.0,3,1,4,13,3,0.01,9.0,,0.9347511736628831,0.06524882633711698
13,10812,16,37.0,3,1,4,8,3,0.01,4.0,,0.2113939789286493,0.7886060210713507
14,11207,8,54.0,4,2,1,9,2,1420.0,1.0,,0.8574023400652839,0.1425976599347161
15,11932,5,70.0,2,1,1,9,0,6104.66,8.0,,0.9538907680125855,0.046109231987414505
16,17302,7,49.0,4,0,4,8,3,0.01,7.0,,0.77664869515,0.22335130484999996
17,19496,9,66.0,6,1,1,9,2,500.0,12.0,,0.8573907526255126,0.14260924737448746
18,19763,9,74.0,2,1,1,4,0,6000.0,2.0,,0.9081316496948301,0.09186835030516997
19,20478,6,70.0,5,0,1,7,0,16000.0,2.0,,0.9260741110078349,0.07392588899216516
20,20761,7,66.0,4,2,4,13,2,1000.0,5.0,,0.9414578942537072,0.05854210574629281
21,23124,6,46.0,4,1,4,8,3,0.01,8.0,,0.8351885156046561,0.16481148439534393
22,24554,10,39.0,0,2,1,3,3,0.01,5.0,,0.634417834094362,0.365582165905638
23,24880,7,75.0,2,2,1,7,2,4000.0,7.0,,0.9623262736473307,0.037673726352669294
24,27715,7,43.0,6,2,2,12,3,0.01,5.0,,0.8091394926422371,0.1908605073577629
25,29173,7,62.0,3,1,1,4,0,20000.0,4.0,,0.8989298349917763,0.10107016500822377
26,29440,8,37.0,2,2,5,2,2,1000.0,9.0,,0.7134194754636969,0.2865805245363031
27,30600,9,49.0,6,1,4,8,3,0.01,8.0,,0.7322832663326909,0.2677167336673091
28,30937,8,79.0,4,0,2,10,0,6000.0,1.0,,0.9257231471630382,0.07427685283696184
29,41092,3,50.0,4,1,1,7,0,9800.0,3.0,,0.9180352665493122,0.08196473345068774
30,42439,15,35.0,3,1,1,4,2,1630.0,5.0,,0.2085987755016553,0.7914012244983447
31,45799,10,71.0,2,1,1,4,2,1500.0,5.0,,0.8758754211313795,0.12412457886862048
32,46906,7,44.0,6,1,2,12,2,1000.0,1.0,,0.7620281686378332,0.23797183136216685
33,50237,8,42.0,2,2,2,10,3,0.01,5.0,,0.7717496971998808,0.22825030280011913
34,51950,9,68.0,2,1,5,2,0,6053.25,5.0,,0.8845925957138501,0.11540740428614989
35,54496,9,31.0,4,1,2,5,3,0.01,4.0,,0.5000326998438187,0.4999673001561813
36,56073,8,70.0,2,1,4,8,0,19053.8,15.0,,0.9180950349094027,0.08190496509059732
37,57002,7,72.0,5,1,2,10,1,20527.0,3.0,,0.9440995435489725,0.05590045645102746
38,57622,12,41.0,0,2,1,7,3,0.01,9.0,,0.5373786041439141,0.4626213958560858
39,59056,9,37.0,6,1,2,10,0,6000.0,1.0,,0.542987149982259,0.45701285001774095
40,59862,8,58.0,3,1,2,12,0,10053.3,7.0,,0.8402794767850721,0.15972052321492786
41,63002,7,47.0,4,1,4,8,2,0.02,5.0,,0.799628213588383,0.20037178641161701
42,63983,8,71.0,5,2,1,7,2,1000.0,6.0,,0.9363479582542321,0.06365204174576793
43,71986,8,62.0,4,1,1,9,2,1000.0,5.0,,0.870970421081512,0.12902957891848799
44,72559,15,72.0,5,3,1,9,0,6340.26,12.0,,0.7654400273736903,0.23455997262630973
45,73148,8,39.0,5,1,1,9,2,2241.36,4.0,,0.6479462517816499,0.35205374821835006
46,75205,6,76.0,4,2,1,4,0,12000.0,19.0,,0.9658191298181908,0.03418087018180918
47,75469,7,61.0,2,1,3,1,0,6000.0,11.0,,0.8850153452927095,0.11498465470729051
48,80322,6,53.0,4,0,1,9,3,0.01,5.0,,0.8394791774562103,0.16052082254378977
49,80608,8,60.0,3,2,2,5,2,60.0,11.0,,0.8900768909337282,0.10992310906627173
50,82678,15,42.0,6,1,4,8,3,0.01,5.0,,0.2982094387071329,0.7017905612928671
51,84573,10,57.0,5,1,1,9,2,50.0,11.0,,0.7432494259641221,0.25675057403587787
52,87750,6,45.0,6,2,1,9,3,0.01,4.0,,0.8554359526167188,0.14456404738328127
53,89796,11,75.0,2,1,1,7,2,3052.66,8.0,,0.8732169373683977,0.12678306263160233
54,91588,8,37.0,5,1,2,5,3,0.01,5.0,,0.6361189210796865,0.36388107892031357
55,93564,13,61.0,5,3,5,2,2,3000.0,8.0,,0.783788232558048,0.21621176744195203
56,95036,12,61.0,2,1,0,0,2,1020.0,9.0,,0.6957889334633638,0.30421106653663627
57,95982,19,39.0,1,1,2,5,3,0.01,8.0,,0.11972671873439578,0.8802732812656042
58,97802,7,55.0,0,2,1,3,2,2000.0,1.0,,0.8976682291910341,0.10233177080896595
59,102385,8,57.0,2,2,3,6,0,9000.0,9.0,,0.8721736119354737,0.12782638806452631
60,103225,13,18.0,3,1,4,13,0,6000.0,1.0,,0.14596171813211278,0.8540382818678872
61,108413,5,56.0,1,3,2,12,2,3000.0,8.0,,0.9532767171301678,0.04672328286983218
62,109819,9,50.0,4,1,2,10,0,20000.0,4.0,,0.7376554085565477,0.2623445914434524
63,117498,11,67.0,2,3,2,10,1,22000.0,8.0,,0.9003349281078064,0.09966507189219365
64,118397,7,78.0,5,1,1,9,2,2000.0,24.0,,0.9486415385473336,0.051358461452666454
65,121312,5,61.0,3,1,1,9,3,0.01,5.0,,0.935713843008128,0.064286156991872
66,121495,5,45.0,2,0,4,8,2,600.0,11.0,,0.8127951629517827,0.1872048370482173
67,124710,11,66.0,1,1,4,8,2,2000.0,5.0,,0.8233713211581708,0.1766286788418292
68,126098,2,51.0,3,3,2,5,0,10000.0,5.0,,0.9664301059257049,0.03356989407429509
69,127892,10,60.0,2,0,2,12,2,1020.0,9.0,,0.739783384133135,0.26021661586686495
70,129283,9,48.0,3,2,1,7,2,3000.0,2.0,,0.7737124413412131,0.22628755865878686
71,129410,8,53.0,3,1,4,13,2,100.0,1.0,,0.822620278874634,0.17737972112536607
72,134872,10,72.0,5,3,1,9,0,12000.0,8.0,,0.9237258218123481,0.07627417818765193
73,140597,9,68.0,5,1,4,8,3,0.01,7.0,,0.8912680249324646,0.10873197506753539
74,144649,8,47.0,1,1,3,11,3,0.01,5.0,,0.7765301185651894,0.22346988143481067
75,145157,11,39.0,5,1,4,8,2,2800.0,1.0,,0.4923687374171516,0.5076312625828484
76,146730,12,72.0,1,1,4,8,3,0.01,8.0,,0.8403539571908825,0.15964604280911757
77,148415,10,67.0,5,2,4,8,0,6000.0,4.0,,0.8773774942914736,0.1226225057085264
78,148849,9,60.0,3,1,4,8,3,0.01,8.0,,0.843937728022999,0.15606227197700095
79,154040,11,52.0,6,2,2,12,3,0.01,9.0,,0.7174396007804474,0.28256039921955256
80,156515,7,55.0,4,1,1,9,3,0.01,8.0,,0.8584909952943602,0.14150900470563982
81,158216,14,65.0,0,2,4,13,0,6053.35,6.0,,0.7241075031214599,0.2758924968785401
82,159522,13,41.0,2,2,4,8,3,0.01,7.0,,0.4893658027140655,0.5106341972859345
83,162485,16,34.0,4,1,1,7,2,3000.0,3.0,,0.16420883756657,0.83579116243343
84,165808,6,40.0,4,1,2,12,2,1500.0,7.0,,0.7669200095451819,0.23307999045481806
85,168394,9,35.0,6,1,4,8,3,0.01,4.0,,0.5609653847298842,0.4390346152701158
86,170127,7,50.0,2,2,2,5,2,5000.0,10.0,,0.8632066630991742,0.1367933369008259
87,181498,6,62.0,1,0,2,12,2,3000.0,29.0,,0.8858860644237306,0.11411393557626935
88,192791,9,60.0,3,2,1,7,0,8100.0,5.0,,0.8568078096375986,0.14319219036240133
89,197440,8,49.0,2,1,2,12,0,7600.0,4.0,,0.7641605961604734,0.23583940383952662
90,202878,6,57.0,6,2,1,9,2,2000.0,8.0,,0.9148465470968894,0.08515345290311059
91,203289,7,52.0,6,3,1,9,1,23053.3,6.0,,0.9053394253661912,0.0946605746338088
92,206032,6,75.0,6,2,3,6,0,10000.0,17.0,,0.9644460371575004,0.03555396284249953
93,209732,15,55.0,5,0,1,9,0,10000.0,6.0,,0.3501513094328589,0.6498486905671411
94,213241,5,57.0,6,1,0,0,0,12000.0,1.0,,0.9055056271397349,0.09449437286026509
95,215554,8,52.0,3,1,2,12,2,2500.0,6.0,,0.8031259826550552,0.19687401734494475
96,217158,12,74.0,1,1,1,7,0,6000.0,5.0,,0.8255075476888073,0.17449245231119273
97,223182,9,79.0,4,1,4,8,2,5000.0,5.0,,0.9386980119881594,0.06130198801184058
98,234540,6,48.0,4,0,2,5,2,420.0,4.0,,0.7913347200313727,0.2086652799686273
99,239844,11,60.0,5,0,4,8,3,0.01,8.0,,0.6997246324205232,0.3002753675794768
100,243051,3,38.0,6,1,2,12,2,50.0,9.0,,0.8527408197537432,0.1472591802462568
101,248258,9,58.0,2,1,2,12,2,5000.0,5.0,,0.8238516079703342,0.17614839202966576
102,249335,4,52.0,4,2,1,4,2,1800.0,4.0,,0.933659237012585,0.066340762987415
103,252646,3,45.0,6,1,2,5,2,100.01,9.0,,0.8942169187605965,0.10578308123940354
104,253839,9,42.0,6,1,2,12,2,2000.0,4.0,,0.632367562155246,0.3676324378447539
105,256366,10,40.0,6,3,1,9,2,50.0,10.0,,0.6682583104899932,0.3317416895100068
106,259802,5,55.0,4,0,1,9,0,10100.0,8.0,,0.8664577698803715,0.13354223011962846
107,262684,8,77.0,3,0,1,9,0,6000.0,3.0,,0.9158947666178946,0.08410523338210543
108,263419,11,27.0,3,1,4,8,3,0.01,7.0,,0.3407646776629618,0.6592353223370382
109,267236,4,60.0,5,1,2,12,3,0.01,8.0,,0.9448977452918941,0.05510225470810591
110,270962,7,58.0,1,3,4,8,2,2500.0,5.0,,0.936645553468054,0.06335444653194602
111,274623,7,42.0,4,2,2,12,3,0.01,4.0,,0.8078866725163235,0.19211332748367646
112,275700,10,36.0,6,1,0,0,2,1000.0,9.0,,0.45823833146722637,0.5417616685327736
113,277010,4,57.0,4,1,4,8,3,0.01,5.0,,0.940413088230802,0.059586911769197955
114,278661,10,72.0,3,1,1,9,0,11105.3,8.0,,0.8721287821925742,0.12787121780742583
115,282057,7,37.0,6,1,2,12,3,0.01,5.0,,0.6904468101277768,0.3095531898722232
116,285846,9,76.0,6,1,1,7,2,2000.0,8.0,,0.9161509812614169,0.08384901873858311
117,287628,6,45.0,4,1,2,12,3,0.01,5.0,,0.8237837011430469,0.17621629885695317
118,293083,15,61.0,2,0,4,13,2,500.0,2.0,,0.4902565860849064,0.5097434139150936
119,293555,12,61.0,2,1,3,11,2,4000.0,1.0,,0.7333532101576419,0.2666467898423581
120,295620,9,47.0,0,2,1,3,3,0.01,5.0,,0.7772645544084683,0.22273544559153172
121,297194,8,52.0,6,3,1,7,3,0.01,8.0,,0.8752716738273838,0.12472832617261621
122,300845,8,40.0,5,3,1,9,2,1000.0,1.0,,0.7834400921038349,0.21655990789616503
123,301175,5,56.0,4,1,1,9,3,0.01,9.0,,0.912808346350502,0.08719165364949798
124,301981,8,51.0,6,1,2,12,0,9000.01,8.0,,0.7665651451337077,0.2334348548662923
125,310786,9,50.0,3,1,4,8,0,12000.0,2.0,,0.7418628434590393,0.2581371565409607
126,312169,4,46.0,5,0,2,12,3,0.01,5.0,,0.8544064867190915,0.14559351328090847
127,312762,8,41.0,2,1,4,13,2,1675.0,7.0,,0.7006532360829443,0.2993467639170558
128,315559,8,60.0,2,2,4,8,2,100.01,8.0,,0.899716913801541,0.10028308619845908
129,315788,10,70.0,2,1,4,13,2,2250.0,8.0,,0.8792238317314145,0.12077616826858545
130,316350,9,50.0,4,1,4,8,3,0.01,9.0,,0.7497247855315483,0.25027521446845163
131,317640,15,37.0,6,1,1,9,3,0.01,8.0,,0.22501098105879935,0.7749890189412006
132,317950,9,74.0,3,1,4,8,2,3000.0,5.0,,0.9207311814793527,0.07926881852064728
133,318922,8,61.0,5,0,5,2,2,1200.0,6.0,,0.8340861277893651,0.1659138722106349
134,323039,8,49.0,1,0,2,12,2,4000.0,3.0,,0.7322648291538305,0.26773517084616955
135,331341,9,53.0,2,2,3,6,0,6000.0,4.0,,0.8112046664263801,0.18879533357361994
136,340146,7,63.0,2,0,2,12,3,0.01,5.0,,0.885432489278478,0.11456751072152203
137,342033,7,51.0,4,1,2,12,2,3026.67,10.0,,0.8254608176265127,0.17453918237348728
138,343102,5,62.0,4,1,2,12,1,56053.4,7.0,,0.9540307858192811,0.04596921418071885
139,345474,3,46.0,3,1,4,13,2,0.1,10.0,,0.910367752801115,0.089632247198885
140,345865,10,39.0,5,2,2,5,0,7500.0,2.0,,0.5878617760035929,0.4121382239964071
141,346225,6,53.0,5,2,4,13,2,3000.0,6.0,,0.9073410079035961,0.09265899209640394
142,347086,7,48.0,3,1,4,8,2,5000.0,4.0,,0.8185441190477651,0.18145588095223492
143,347531,7,62.0,2,1,4,13,0,12809.0,11.0,,0.9006826675334725,0.09931733246652746
144,349291,9,26.0,2,2,4,8,2,4000.0,1.0,,0.527272010662547,0.472727989337453
145,351482,6,43.0,5,1,5,2,0,6000.0,2.0,,0.7909803515171661,0.209019648482834
146,356425,7,78.0,5,1,1,9,0,6000.0,5.0,,0.9498595158318285,0.05014048416817155
147,356719,3,67.0,3,1,1,7,0,12049.2,3.0,,0.9680599072986057,0.03194009270139428
148,357898,2,45.0,4,1,2,12,3,0.01,5.0,,0.926518855601353,0.073481144398647
149,358649,10,60.0,4,0,3,6,3,0.01,5.0,,0.7509116548266326,0.2490883451733674
150,359955,13,68.0,5,1,4,8,0,7500.0,6.0,,0.7258445259128201,0.27415547408717983
151,361283,14,74.0,1,3,4,13,1,20245.9,3.0,,0.8758066047751011,0.12419339522489889
152,362468,5,53.0,4,2,1,9,3,0.01,8.0,,0.9234809425272696,0.07651905747273036
153,369225,5,51.0,3,2,3,6,2,420.0,8.0,,0.9154025388491778,0.08459746115082227
154,370398,6,51.0,6,1,4,13,2,200.0,1.0,,0.864869549731226,0.13513045026877404
155,370622,5,51.0,1,3,4,13,2,200.0,2.0,,0.943199975199766,0.056800024800233995
156,371475,11,36.0,3,2,4,8,3,0.01,4.0,,0.5428266602758784,0.45717333972412155
157,374644,8,63.0,6,1,1,4,0,6000.0,2.0,,0.8625693174192749,0.1374306825807251
158,375330,8,69.0,3,1,4,13,2,500.0,9.0,,0.9155853178405693,0.08441468215943071
159,376078,11,40.0,4,1,1,9,3,0.01,5.0,,0.49657853549321873,0.5034214645067813
160,380113,4,46.0,5,1,1,4,2,2165.75,11.0,,0.8739672795892025,0.1260327204107975
161,396192,8,46.0,1,1,4,13,2,2245.0,11.0,,0.7558095585624822,0.24419044143751784
162,397407,9,38.0,4,1,2,12,3,0.01,5.0,,0.5996068932777169,0.4003931067222831
163,397660,4,67.0,6,2,2,12,0,11000.0,5.0,,0.9684014626899612,0.03159853731003879
164,400297,11,73.0,6,3,2,5,1,26000.0,4.0,,0.9243251506127157,0.07567484938728435
165,403768,5,53.0,2,1,3,1,0,9000.0,8.0,,0.893790431615066,0.10620956838493399
166,407364,6,55.0,5,1,1,9,2,5000.0,4.0,,0.8837609889793892,0.11623901102061082
167,408964,9,54.0,1,1,4,8,2,3000.0,8.0,,0.7936329598309979,0.2063670401690021
168,414832,6,45.0,6,2,4,8,3,0.01,5.0,,0.8641159424498488,0.13588405755015118
169,418943,10,39.0,3,2,0,0,3,0.01,4.0,,0.6134604162608567,0.3865395837391433
170,421979,5,58.0,5,1,2,12,2,420.0,4.0,,0.920130622146852,0.07986937785314792
171,423211,8,33.0,4,1,2,10,3,0.01,5.0,,0.5904057309507303,0.40959426904926965
172,434671,11,35.0,4,2,4,8,3,0.01,8.0,,0.5168543145496587,0.4831456854503413
173,435961,4,71.0,1,2,2,5,0,6000.0,12.0,,0.9746325969098973,0.02536740309010263
174,439088,10,55.0,2,2,3,1,3,0.01,4.0,,0.8126206545325219,0.18737934546747817
175,454702,13,53.0,2,2,4,8,0,6871.12,5.0,,0.6218213092220592,0.37817869077794075
176,462705,9,58.0,5,1,4,8,2,1500.0,19.0,,0.8026313848297313,0.19736861517026866
177,467812,13,43.0,3,2,2,5,3,0.01,5.0,,0.5004807862975755,0.49951921370242447
178,473596,8,47.0,4,1,4,8,3,0.01,5.0,,0.7691494755428738,0.23085052445712612
179,479403,4,74.0,3,2,4,13,0,6000.0,2.0,,0.9804883034437486,0.019511696556251353
180,481572,10,49.0,5,2,2,10,2,5000.0,1.0,,0.7412717406203333,0.25872825937966665
181,486701,9,58.0,4,1,4,13,2,3000.0,9.0,,0.8197928918785276,0.18020710812147245
182,492566,8,56.0,4,1,1,9,3,0.01,8.0,,0.83356075664369,0.16643924335630997
183,498300,5,47.0,2,1,4,13,0,6000.0,1.0,,0.8666492647381567,0.1333507352618432
184,500100,14,30.0,6,1,1,9,2,100.0,1.0,,0.19750440275792602,0.802495597242074
185,502316,3,68.0,4,1,4,13,1,50000.0,4.0,,0.9800963516614435,0.019903648338556536
186,503053,8,45.0,4,1,2,12,2,1000.0,4.0,,0.7296905866547714,0.27030941334522857
187,518069,7,71.0,1,1,4,8,0,12000.0,6.0,,0.9398316164162124,0.06016838358378767
188,523259,10,65.0,4,1,4,13,0,9053.35,8.0,,0.8291465368220905,0.17085346317790945
189,528102,10,74.0,3,1,4,8,0,19000.0,5.0,,0.8996139255506795,0.10038607444932043
190,530042,10,43.0,4,1,2,12,3,0.01,5.0,,0.6076284303522671,0.3923715696477329
191,532479,11,44.0,5,1,5,2,2,500.0,9.0,,0.547802927252553,0.452197072747447
192,543004,9,65.0,6,3,4,8,2,3000.0,5.0,,0.9235803548354933,0.07641964516450671
193,543683,7,46.0,4,2,4,13,0,17409.8,12.0,,0.83138796833763,0.16861203166237007
194,553115,8,29.0,6,1,1,9,2,2000.0,12.0,,0.4924413396606404,0.5075586603393596
195,580287,7,53.0,3,1,1,4,3,0.01,5.0,,0.8480888280322147,0.15191117196778525
196,588784,9,64.0,5,2,1,9,2,1000.0,12.0,,0.881848484669829,0.118151515330171
197,595233,10,49.0,4,2,4,13,2,3000.0,5.0,,0.7486902523286704,0.25130974767132963
198,598453,17,59.0,6,1,4,8,0,12000.0,8.0,,0.3717043131449108,0.6282956868550892
199,600504,8,37.0,6,1,2,12,3,0.01,5.0,,0.635099405930176,0.364900594069824
200,601969,5,60.0,2,0,4,8,0,10000.0,2.0,,0.9098609574311635,0.0901390425688365
201,602906,10,64.0,6,0,2,5,3,0.01,4.0,,0.7798461365496469,0.22015386345035318
202,606316,15,51.0,3,1,4,8,2,3000.0,8.0,,0.4129690372852256,0.5870309627147744
203,607118,8,47.0,0,1,1,9,3,0.01,5.0,,0.7698558066857055,0.23014419331429448
204,607444,18,51.0,2,1,1,4,2,3000.0,3.0,,0.24387441459778236,0.7561255854022176
205,608378,5,58.0,4,1,3,6,2,3050.0,11.0,,0.9206019244254834,0.07939807557451659
206,610283,9,46.0,1,2,4,8,3,0.01,9.0,,0.7752709431995326,0.22472905680046742
207,611662,5,48.0,4,3,4,8,3,0.01,5.0,,0.9316704451192748,0.06832955488072526
208,621358,4,61.0,3,1,1,9,0,6000.0,1.0,,0.9425105433291989,0.05748945667080107
209,630888,9,38.0,3,1,1,9,3,0.01,5.0,,0.5964008495916833,0.4035991504083168
210,633380,7,68.0,5,2,4,13,0,15000.0,6.0,,0.9445896280619928,0.055410371938007276
211,633542,12,76.0,6,1,1,4,0,6000.0,2.0,,0.8287355506087416,0.1712644493912584
212,641022,4,56.0,4,1,2,5,3,0.01,8.0,,0.932202484525416,0.06779751547458399
213,642568,8,73.0,1,2,2,10,2,360.0,1.0,,0.9501295424184384,0.04987045758156164
214,649007,8,37.0,4,1,1,9,3,0.01,9.0,,0.6304758264441563,0.3695241735558436
215,663603,11,74.0,1,1,4,8,2,3350.0,4.0,,0.8815459045569187,0.11845409544308128
216,667692,5,60.0,5,1,1,9,2,5000.0,2.0,,0.9290246342015976,0.07097536579840234
217,669067,10,35.0,4,1,3,6,2,1500.0,4.0,,0.4876878115083233,0.5123121884916767
218,672785,6,46.0,3,1,3,11,0,6544.99,1.0,,0.8204040004456161,0.1795959995543839
219,674885,3,46.0,5,1,4,8,0,6000.0,5.0,,0.9011813551674273,0.09881864483257279
220,682144,5,70.0,5,1,4,8,1,21684.9,0.0,,0.9640493276136534,0.035950672386346645
221,691178,9,37.0,0,2,1,3,0,10000.0,11.0,,0.6272338101816778,0.3727661898183222
222,693847,4,46.0,2,3,4,13,0,6000.0,3.0,,0.9345271007183753,0.06547289928162468
223,708569,3,68.0,5,3,3,6,2,4000.0,18.0,,0.9830001123457709,0.016999887654229124
224,723185,12,49.0,5,1,4,8,2,3000.0,3.0,,0.5677051968176443,0.43229480318235575
225,734446,4,63.0,5,1,1,9,2,3026.67,7.0,,0.9497622475482173,0.0502377524517828
226,741779,4,62.0,2,3,1,9,2,5000.0,5.0,,0.972953998715079,0.027046001284920924
227,745421,5,62.0,4,0,1,7,2,0.02,8.0,,0.9102385985517003,0.08976140144829971
228,749044,5,74.0,3,3,2,10,0,6000.0,1.0,,0.9805264138483709,0.019473586151629047
229,750840,5,52.0,0,1,4,13,3,0.01,5.0,,0.910821798999801,0.08917820100019899
230,760641,8,74.0,4,0,1,9,0,6000.0,17.0,,0.8911705436824914,0.10882945631750864
231,764876,7,43.0,4,1,4,13,3,0.01,5.0,,0.7752066494806314,0.22479335051936852
232,770264,8,64.0,3,1,4,8,0,12000.0,2.0,,0.8901376415099461,0.10986235849005384
233,775258,12,31.0,5,1,2,12,2,1100.0,9.0,,0.3012001470355328,0.6987998529644672
234,778176,11,41.0,4,1,2,10,2,1000.0,5.0,,0.5030396139814858,0.4969603860185142
235,779199,9,45.0,6,1,1,4,3,0.01,8.0,,0.6660776339090331,0.3339223660909669
236,794872,8,67.0,3,0,4,8,0,10000.0,2.0,,0.8744936150205754,0.12550638497942454
237,796026,9,40.0,3,1,4,8,3,0.01,5.0,,0.6415171663090891,0.358482833690911
238,802069,7,70.0,2,1,4,13,0,12000.0,2.0,,0.9376400758040276,0.06235992419597232
239,806994,6,56.0,6,0,1,9,3,0.01,5.0,,0.8559310881061295,0.1440689118938705
240,811831,15,32.0,6,0,2,5,3,0.01,5.0,,0.14375869782488926,0.8562413021751107
241,819301,10,51.0,0,2,1,3,2,1000.0,6.0,,0.7613939346967855,0.23860606530321452
242,823066,8,65.0,2,0,4,8,2,50.0,7.0,,0.8668561448897583,0.13314385511024177
243,823961,8,52.0,6,1,1,4,0,6000.0,2.0,,0.7715918199442742,0.22840818005572577
244,827614,6,38.0,5,1,4,13,3,0.01,9.0,,0.7606875161520652,0.23931248384793474
245,830380,8,43.0,4,1,4,8,2,50.0,10.0,,0.7061922895832913,0.2938077104167088
246,835404,7,37.0,5,2,2,12,3,0.01,5.0,,0.7553286481738318,0.24467135182616814
247,836222,7,42.0,3,2,3,11,3,0.01,5.0,,0.81380841421283,0.18619158578717002
248,841013,4,22.0,1,3,1,9,0,6000.0,3.0,,0.7750502093359152,0.22494979066408485
249,842486,8,31.0,5,3,1,7,3,0.01,8.0,,0.6870722248404089,0.31292777515959114
250,848085,15,33.0,2,1,2,12,2,0.02,7.0,,0.1968836535722388,0.8031163464277612
251,853291,8,31.0,6,0,1,9,2,5000.0,1.0,,0.4691077287475951,0.5308922712524049
252,856916,8,54.0,4,2,3,6,0,12000.0,8.0,,0.8506871634095952,0.14931283659040484
253,861820,5,54.0,3,1,4,13,2,1000.0,2.0,,0.9117205443452907,0.08827945565470927
254,870307,9,53.0,2,2,2,5,0,6000.0,3.0,,0.8077242903972546,0.19227570960274548
255,871095,16,37.0,6,1,2,5,3,0.01,5.0,,0.19053080034749392,0.8094691996525061
256,875694,8,63.0,4,0,5,2,0,6000.0,2.0,,0.8425647939449683,0.15743520605503175
257,876623,3,33.0,0,2,2,12,3,0.01,5.0,,0.880555595240191,0.11944440475980897
258,878812,7,65.0,2,1,4,8,3,0.01,8.0,,0.9231695254652029,0.07683047453479705
259,889199,14,39.0,5,1,1,9,2,50.0,10.0,,0.28167819473379574,0.7183218052662043
260,897485,9,42.0,6,1,3,6,0,6000.0,2.0,,0.614170178645949,0.38582982135405103
261,899186,6,67.0,5,2,2,5,2,3000.0,8.0,,0.9518297023153552,0.048170297684644724
262,903191,11,43.0,6,1,1,9,3,0.01,5.0,,0.5284328061241321,0.47156719387586793
263,909459,8,50.0,3,1,4,13,2,0.02,9.0,,0.7875048461821883,0.21249515381781164
264,910007,5,70.0,2,0,1,9,0,12000.0,5.0,,0.9422037856932445,0.057796214306755536
265,918237,13,58.0,4,1,1,9,3,0.01,8.0,,0.6185612086657242,0.3814387913342759
266,919551,13,50.0,0,1,0,0,3,0.01,5.0,,0.5220280290092905,0.4779719709907095
267,922366,7,78.0,0,1,1,3,2,1250.0,5.0,,0.9580913055567009,0.041908694443299095
268,929506,5,79.0,2,2,1,7,0,6000.0,8.0,,0.9788602796181963,0.02113972038180371
269,935530,8,68.0,1,1,4,8,2,800.0,8.0,,0.9142296382659957,0.08577036173400429
270,943517,9,48.0,1,1,4,8,2,600.0,8.0,,0.7291847655382677,0.2708152344617322
271,950033,12,35.0,6,2,5,2,2,1500.0,5.0,,0.4391849143374421,0.5608150856625579
272,951897,9,38.0,4,1,1,7,3,0.01,4.0,,0.5919290387159611,0.40807096128403886
273,952729,11,42.0,3,2,2,12,0,6041.13,5.0,,0.5749301685616603,0.4250698314383397
274,956155,14,50.0,3,2,2,12,2,420.01,4.0,,0.5266886349721704,0.4733113650278296
275,956635,4,63.0,3,2,2,12,3,0.01,5.0,,0.9669783984041673,0.033021601595832666
276,963194,9,75.0,3,1,4,8,0,6000.0,1.0,,0.9186345751116728,0.08136542488832725
277,966932,8,50.0,4,1,4,8,2,50.0,8.0,,0.7832666842760496,0.21673331572395038
278,985295,2,58.0,4,1,4,8,3,0.01,8.0,,0.9641137566605542,0.03588624333944575
279,994332,8,66.0,0,1,1,3,2,500.0,8.0,,0.8983799495396744,0.10162005046032563
280,997684,6,54.0,6,1,4,8,2,50.0,11.0,,0.8748257215342735,0.1251742784657265
281,1002422,7,54.0,4,1,2,12,3,0.01,5.0,,0.85826892800504,0.14173107199496002
282,1003402,18,38.0,6,1,4,8,3,0.01,6.0,,0.1379911493923267,0.8620088506076733
283,1008129,8,55.0,3,2,4,8,2,1000.0,5.0,,0.8720509823977232,0.1279490176022769
284,1009060,8,52.0,5,2,3,6,3,0.01,4.0,,0.8511715721317268,0.14882842786827327
285,1009931,11,59.0,4,1,1,9,2,1500.0,2.0,,0.7351246767518442,0.2648753232481558
286,1011243,6,63.0,6,2,5,2,2,1000.0,2.0,,0.9446567091763004,0.0553432908236996
287,1011669,15,47.0,5,2,2,12,3,0.01,6.0,,0.4253521151858243,0.5746478848141757
288,1012509,6,44.0,6,1,4,8,3,0.01,8.0,,0.8128773554579636,0.18712264454203642
289,1013394,7,39.0,1,1,4,8,3,0.01,7.0,,0.7406825498737308,0.25931745012626917
290,1018361,5,72.0,1,3,1,9,0,6000.0,2.0,,0.9783657826455466,0.02163421735445337
291,1022334,8,38.0,6,2,1,4,3,0.01,5.0,,0.7045609366876996,0.2954390633123004
292,1024248,13,72.0,4,1,4,13,3,0.01,8.0,,0.7961404943497284,0.20385950565027156
293,1030302,6,76.0,6,0,3,1,2,3000.0,8.0,,0.9467920851775636,0.05320791482243637
294,1036084,11,50.0,4,0,2,10,2,3000.0,8.0,,0.5522364365385741,0.4477635634614258
295,1040227,7,66.0,3,1,1,4,0,9000.0,8.0,,0.9087306382129094,0.09126936178709061
296,1040944,6,51.0,5,0,4,8,3,0.01,5.0,,0.8319981433771119,0.16800185662288813
297,1043773,3,63.0,3,0,1,9,3,0.01,8.0,,0.9508242627025645,0.04917573729743547
298,1054015,6,78.0,6,1,4,8,0,7500.0,5.0,,0.9630051024749772,0.03699489752502284
299,1055682,9,55.0,2,2,1,7,0,5672.31,2.0,,0.8219778570697595,0.17802214293024052
300,1060228,7,49.0,6,2,1,9,0,10000.0,3.0,,0.837064118587816,0.16293588141218393
301,1061348,13,70.0,2,0,4,8,2,2884.96,8.0,,0.7170529927591661,0.2829470072408339
302,1068601,6,45.0,4,1,1,9,3,0.01,4.0,,0.8197968451464835,0.18020315485351643
303,1070037,5,73.0,6,1,3,6,2,600.0,32.0,,0.956552249809873,0.04344775019012706
304,1070460,8,71.0,1,1,4,8,1,23425.0,4.0,,0.9352435586936345,0.06475644130636554
305,1072773,14,52.0,4,1,4,8,0,7017.55,5.0,,0.4621523937745885,0.5378476062254115
306,1083767,9,64.0,6,1,0,0,2,3000.0,1.0,,0.849088843327915,0.15091115667208502
307,1084607,9,57.0,3,1,1,9,0,9052.66,7.0,,0.7882074476963894,0.21179255230361066
308,1091085,10,63.0,4,2,2,12,0,6053.34,4.0,,0.8479855073694444,0.1520144926305556
309,1097474,20,39.0,3,2,2,12,3,0.01,8.0,,0.12305052808089434,0.8769494719191057
310,1098918,7,35.0,3,1,1,9,3,0.01,4.0,,0.6735893472133128,0.3264106527866873
311,1101579,8,58.0,6,1,1,4,2,1930.0,9.0,,0.8335759383498966,0.16642406165010337
312,1103288,10,40.0,3,1,1,9,3,0.01,4.0,,0.5650999434328202,0.4349000565671798
313,1108646,9,61.0,1,1,4,8,0,12150.0,11.0,,0.8397501344286543,0.1602498655713457
314,1111434,13,70.0,3,1,2,12,2,500.0,11.0,,0.7558032527854348,0.2441967472145652
315,1128353,5,70.0,6,1,2,12,2,3500.0,5.0,,0.9575575512511574,0.04244244874884265
316,1131451,6,60.0,1,1,1,4,0,10000.0,4.0,,0.9076107261918683,0.09238927380813164
317,1134051,14,77.0,2,1,4,13,2,4884.25,11.0,,0.8001201793973063,0.19987982060269374
318,1135724,10,74.0,5,1,4,13,2,4500.0,12.0,,0.8945803613314083,0.1054196386685917
319,1136585,7,67.0,4,1,1,4,2,3000.0,5.0,,0.9200507372142793,0.07994926278572068
320,1137492,7,51.0,4,2,1,9,0,17000.0,11.0,,0.8569570037008432,0.1430429962991569
321,1138235,18,37.0,3,1,1,9,2,50.01,8.0,,0.12068558357189041,0.8793144164281096
322,1143662,8,35.0,6,0,2,12,0,5044.46,5.0,,0.49336689431185476,0.5066331056881452
323,1150820,5,58.0,3,1,3,11,0,6000.0,22.0,,0.9085094366372439,0.09149056336275604
324,1151037,6,27.0,4,1,4,13,2,5.0,7.0,,0.6233420168207262,0.3766579831792738
325,1154958,5,72.0,2,3,4,8,1,32050.0,12.0,,0.9832230655807683,0.01677693441923172
326,1156179,9,70.0,4,1,4,8,0,6000.0,8.0,,0.8883444779530069,0.11165552204699318
327,1164910,7,51.0,5,2,2,12,3,0.01,10.0,,0.8677922531754794,0.1322077468245207
328,1176846,9,31.0,6,1,0,0,2,1064.45,1.0,,0.4635809541215494,0.5364190458784506
329,1178520,10,58.0,6,1,1,4,2,3000.01,8.0,,0.7558721854606827,0.24412781453931734
330,1179462,10,73.0,5,1,1,4,3,0.01,6.0,,0.8863134516406606,0.11368654835933945
331,1184199,7,38.0,6,1,4,8,2,4500.0,4.0,,0.7062778148204432,0.29372218517955684
332,1186671,7,71.0,1,1,4,8,2,2000.0,3.0,,0.9441058835254007,0.05589411647459931
333,1190369,22,50.0,3,2,4,8,2,3000.0,6.0,,0.13866398310699757,0.8613360168930024
334,1192051,6,51.0,3,1,1,9,2,3500.0,27.0,,0.8424134674704717,0.15758653252952823
335,1195654,10,33.0,4,1,1,4,3,0.01,8.0,,0.4521623692136124,0.5478376307863876
336,1196413,6,67.0,1,3,1,9,2,5000.0,4.0,,0.9675727668046278,0.032427233195372177
337,1214039,8,64.0,1,1,4,8,0,20000.0,4.0,,0.8986080769069844,0.10139192309301563
338,1214934,9,50.0,6,1,4,8,2,5000.0,4.0,,0.7428683063154521,0.2571316936845479
339,1219553,8,76.0,5,3,2,12,0,6000.0,15.0,,0.9591181319694536,0.04088186803054635
340,1220462,5,41.0,6,1,4,8,0,6000.0,3.0,,0.8062249449905441,0.19377505500945594
341,1225006,12,50.0,4,2,3,6,3,0.01,7.0,,0.6545800652948767,0.34541993470512333
342,1227807,13,54.0,1,1,5,2,0,12078.3,30.0,,0.5381671559024567,0.4618328440975433
343,1237713,13,45.0,2,1,4,13,2,3000.0,8.0,,0.4598001312580622,0.5401998687419378
344,1245880,7,41.0,6,0,2,12,3,0.01,9.0,,0.6672743688822647,0.3327256311177353
345,1246933,10,59.0,2,2,4,13,2,780.0,2.0,,0.8454652591392494,0.15453474086075056
346,1250647,9,68.0,3,0,1,9,2,4000.0,5.0,,0.850561592470469,0.14943840752953091
347,1260758,9,66.0,4,2,3,6,2,2000.0,9.0,,0.9019161756959427,0.0980838243040573
348,1263749,5,52.0,2,2,2,5,3,0.01,11.0,,0.9222266097905982,0.0777733902094018
349,1265857,8,73.0,0,2,1,3,0,6000.0,6.0,,0.942616747193221,0.05738325280677906
350,1275305,6,45.0,6,3,2,12,2,300.0,9.0,,0.8825599964310605,0.11744000356893945
351,1276417,9,48.0,4,1,4,13,3,0.01,5.0,,0.7356387271632021,0.2643612728367979
352,1277200,6,60.0,2,1,4,13,3,0.01,5.0,,0.9230677609689344,0.07693223903106557
353,1287850,11,56.0,3,1,1,7,0,6105.32,7.0,,0.6757392343746685,0.32426076562533146
354,1288741,26,31.0,5,1,1,9,3,0.01,4.0,,0.01399166589317724,0.9860083341068228
355,1303252,9,55.0,3,2,4,8,3,0.01,11.0,,0.8442399221546926,0.15576007784530738
356,1311360,8,61.0,3,2,1,9,2,3250.0,6.0,,0.8992465064870772,0.1007534935129229
357,1314483,9,68.0,1,2,4,8,2,4250.0,4.0,,0.9224888035229849,0.07751119647701514
358,1317113,14,47.0,3,1,4,8,3,0.01,8.0,,0.4293399114926798,0.5706600885073202
359,1318845,3,70.0,3,1,1,4,2,3000.0,11.0,,0.9729856241694768,0.027014375830523223
360,1322516,10,40.0,2,2,4,8,2,1000.0,13.0,,0.6328695040232042,0.36713049597679576
361,1329022,10,57.0,6,2,1,9,3,0.01,4.0,,0.8117572711297407,0.18824272887025925
362,1330489,11,54.0,2,1,3,6,2,360.0,9.0,,0.6837785225523122,0.3162214774476878
363,1338498,9,44.0,2,1,4,8,0,6053.35,5.0,,0.661950404373546,0.338049595626454
364,1339389,6,57.0,4,2,2,5,2,0.02,8.0,,0.918186988414286,0.08181301158571393
365,1347810,9,60.0,4,0,3,11,0,8000.0,14.0,,0.7615100284556205,0.23848997154437945
366,1348957,13,45.0,6,1,3,11,3,0.01,4.0,,0.4491668469839366,0.5508331530160634
367,1349643,9,40.0,5,1,4,8,3,0.01,6.0,,0.6303529935775319,0.36964700642246806
368,1352482,9,22.0,2,1,2,12,2,1000.0,3.0,,0.377061332864403,0.622938667135597
369,1353292,10,73.0,1,2,4,8,2,5000.0,27.0,,0.9136636514093176,0.08633634859068237
370,1364707,10,44.0,3,3,4,13,3,0.01,5.0,,0.7648505191555616,0.23514948084443846
371,1372475,5,50.0,2,2,1,4,3,0.01,4.0,,0.9151878898004508,0.08481211019954914
372,1379240,8,76.0,6,1,4,13,2,1000.0,3.0,,0.9405142638751728,0.05948573612482724
373,1402684,7,52.0,5,1,4,8,3,0.01,9.0,,0.8435889533568273,0.15641104664317276
374,1403478,9,48.0,4,1,1,9,0,6000.0,2.0,,0.6893446250137434,0.31065537498625656
375,1404458,9,47.0,4,2,1,9,3,0.01,4.0,,0.7663420692868546,0.2336579307131454
376,1407228,7,57.0,2,1,0,0,2,2000.0,1.0,,0.8703932162210581,0.12960678377894186
377,1408038,10,61.0,4,1,2,12,2,3000.0,3.0,,0.8053856219825986,0.1946143780174014
378,1421123,8,55.0,5,2,5,2,2,4000.0,8.0,,0.869172803882831,0.13082719611716903
379,1422944,10,52.0,6,3,3,6,3,0.01,5.0,,0.821202966433139,0.17879703356686102
380,1438069,5,76.0,3,1,2,5,0,6000.0,3.0,,0.9676337345347323,0.03236626546526771
381,1439030,11,47.0,1,2,3,6,2,1200.0,11.0,,0.6670512883262578,0.3329487116737421
382,1455486,9,66.0,5,0,1,4,0,6000.0,2.0,,0.8136752763144608,0.18632472368553923
383,1467158,12,60.0,3,1,1,9,0,9604.34,4.0,,0.6821486577202016,0.31785134227979844
384,1468979,8,49.0,3,2,4,13,3,0.01,20.0,,0.8249967678153969,0.17500323218460315
385,1469819,9,67.0,4,1,4,8,0,10000.0,5.0,,0.87614366215072,0.12385633784927993
386,1470698,4,53.0,3,2,4,8,2,1070.0,9.0,,0.9411477972319405,0.05885220276805944
387,1472623,3,59.0,0,1,1,7,0,12000.0,4.0,,0.953283686076315,0.04671631392368507
388,1487604,8,69.0,3,2,4,8,0,14400.0,8.0,,0.9343634714277854,0.06563652857221454
389,1488600,7,27.0,6,1,4,8,3,0.01,4.0,,0.5721574464393399,0.42784255356066014
390,1492209,10,63.0,2,2,4,8,2,3000.0,7.0,,0.8694599177769067,0.13054008222309332
391,1496115,18,41.0,4,1,2,10,3,0.01,5.0,,0.1591783011025545,0.8408216988974455
392,1509918,4,64.0,4,1,4,8,2,420.0,9.0,,0.955275804425044,0.04472419557495595
393,1514946,8,45.0,5,2,4,8,0,6000.0,2.0,,0.7753228843536067,0.22467711564639326
394,1515527,10,46.0,4,1,4,13,3,0.01,4.0,,0.6614034206275566,0.33859657937244336
395,1521950,2,50.0,2,0,2,10,3,0.01,5.0,,0.9274666454550271,0.07253335454497284
396,1522744,6,75.0,5,1,1,9,3,0.01,9.0,,0.9588954214358243,0.04110457856417569
397,1523775,11,62.0,2,2,2,5,0,6000.0,10.0,,0.8019162894628403,0.19808371053715967
398,1524712,13,64.0,2,2,2,12,0,12000.0,8.0,,0.7486121040580371,0.25138789594196287
399,1533258,11,25.0,3,1,1,9,2,3000.0,3.0,,0.2955750790540068,0.7044249209459932
400,1535226,5,46.0,3,1,1,4,1,24878.3,9.0,,0.864328876003377,0.13567112399662296
401,1539132,10,39.0,5,3,2,12,3,0.01,5.0,,0.6899821344300557,0.31001786556994426
402,1540068,6,56.0,6,1,4,8,0,6000.0,1.0,,0.8845235768392489,0.11547642316075114
403,1543954,6,56.0,5,3,2,10,0,6000.0,2.0,,0.9314429663166571,0.06855703368334291
404,1544969,6,62.0,3,2,3,11,0,18800.0,4.0,,0.9426156320018526,0.05738436799814734
405,1550918,5,77.0,6,2,4,13,0,9600.0,16.0,,0.9760667396788036,0.02393326032119639
406,1562843,6,48.0,3,1,1,9,3,0.01,5.0,,0.8452480678995186,0.15475193210048147
407,1587250,4,29.0,3,1,2,12,2,100.0,7.0,,0.7460200345375463,0.2539799654624537
408,1589334,9,63.0,3,2,1,4,3,0.01,5.0,,0.8900319477178773,0.10996805228212275
409,1593706,5,46.0,4,0,1,4,2,480.0,5.0,,0.8073179082625637,0.19268209173743636
410,1598333,9,58.0,4,3,1,9,3,0.01,5.0,,0.8913642837504671,0.10863571624953298
411,1611844,12,68.0,3,1,2,12,2,2000.0,31.0,,0.7577740837153297,0.24222591628467027
412,1617974,7,36.0,2,1,4,8,2,3000.01,8.0,,0.6918282575888368,0.30817174241116324
413,1620797,17,43.0,5,1,1,4,2,3026.67,6.0,,0.19522939679409101,0.804770603205909
414,1622692,6,57.0,4,2,4,8,3,0.01,4.0,,0.9291640705587769,0.07083592944122304
415,1623494,8,47.0,3,0,4,8,3,0.01,8.0,,0.71083554651841,0.28916445348159003
416,1625675,6,45.0,4,1,4,13,3,0.01,10.0,,0.827005419647076,0.17299458035292403
417,1642332,10,64.0,2,0,1,9,2,5000.0,8.0,,0.7813742616736037,0.21862573832639626
418,1645110,12,37.0,2,1,2,5,3,0.01,5.0,,0.40816891392972454,0.5918310860702755
419,1652990,5,57.0,3,0,2,5,2,4884.25,11.0,,0.8904585990874543,0.10954140091254569
420,1657844,6,41.0,4,0,2,5,3,0.01,5.0,,0.7303317037565553,0.2696682962434447
421,1665502,10,44.0,3,2,1,4,2,500.0,9.0,,0.6641903139258922,0.3358096860741077
422,1670514,9,51.0,2,1,4,8,0,7053.34,10.0,,0.7388247343669884,0.26117526563301163
423,1673556,7,62.0,6,1,5,2,0,6000.0,2.0,,0.8939832596738242,0.10601674032617583
424,1681265,18,54.0,6,1,1,9,2,970.92,9.0,,0.25154624297313644,0.7484537570268636
425,1691082,7,57.0,4,2,4,8,2,1500.0,5.0,,0.9057717332221908,0.09422826677780914
426,1692658,7,63.0,2,2,1,7,0,7500.0,5.0,,0.9220216373104184,0.07797836268958155
427,1711644,3,51.0,4,2,2,12,3,0.01,5.0,,0.9492409437818432,0.05075905621815676
428,1731165,11,74.0,4,2,1,9,0,10000.0,8.0,,0.8869097258308356,0.11309027416916435
429,1739360,8,56.0,6,2,5,2,2,4000.0,5.0,,0.8754167097900847,0.12458329020991528
430,1741195,4,33.0,6,1,1,9,3,0.01,6.0,,0.7824916999336099,0.21750830006639013
431,1742434,8,50.0,2,1,1,9,2,4800.0,5.0,,0.7866082395046883,0.21339176049531172
432,1750860,11,67.0,2,0,2,12,2,2400.0,9.0,,0.7688243355856441,0.23117566441435583
433,1762605,7,72.0,6,2,2,12,0,6000.0,5.0,,0.9488870131466531,0.05111298685334692
434,1763474,5,67.0,2,0,2,12,0,6000.0,2.0,,0.93279211157523,0.06720788842477
435,1764616,8,28.0,6,2,3,6,2,68.22,2.0,,0.5788612920346861,0.42113870796531394
436,1765760,9,65.0,1,1,2,12,0,6053.35,6.0,,0.8610126488584036,0.1389873511415965
437,1771388,10,39.0,3,1,2,10,2,600.0,1.0,,0.5479649350462219,0.4520350649537781
438,1772406,11,59.0,3,1,5,2,0,10213.7,5.0,,0.7398549556715395,0.2601450443284606
439,1773372,13,61.0,4,0,2,12,2,3000.0,8.0,,0.583641000043838,0.416358999956162
440,1779664,11,43.0,0,1,1,4,3,0.01,9.0,,0.5496278576109511,0.4503721423890489
441,1780778,10,50.0,4,2,2,5,3,0.01,5.0,,0.7539122444541594,0.2460877555458406
442,1781979,8,67.0,3,3,4,13,0,5027.0,6.0,,0.9426835390697312,0.0573164609302688
443,1786164,9,55.0,1,2,4,8,3,0.01,4.0,,0.8556031334477685,0.14439686655223144
444,1794663,12,48.0,6,1,4,8,0,6053.35,13.0,,0.5039397090971884,0.49606029090281156
445,1795708,8,32.0,6,2,4,8,3,0.01,7.0,,0.647498446179394,0.35250155382060594
446,1798863,13,38.0,3,1,2,5,3,0.01,8.0,,0.35333100510275783,0.6466689948972422
447,1799983,9,39.0,6,1,1,9,2,2700.0,4.0,,0.5853604472228253,0.41463955277717474
448,1802194,11,44.0,5,2,3,11,0,6000.0,3.0,,0.6013896007690008,0.39861039923099917
449,1803158,5,71.0,4,0,4,13,2,2000.0,9.0,,0.9491745369282205,0.05082546307177949
450,1804170,11,57.0,4,1,1,9,0,9000.0,6.0,,0.6907769304675109,0.3092230695324891
451,1805371,5,34.0,6,1,1,7,0,6000.0,5.0,,0.7179531209229421,0.28204687907705794
452,1815989,11,56.0,4,1,2,12,3,0.01,6.0,,0.7139388612785118,0.2860611387214882
453,1820036,6,69.0,3,2,1,9,0,12105.3,12.0,,0.9538221200015966,0.04617787999840345
454,1820974,11,53.0,1,2,4,8,2,600.0,7.0,,0.7478362488312064,0.25216375116879364
455,1823981,10,33.0,4,1,2,10,3,0.01,9.0,,0.4606497909102635,0.5393502090897365
456,1824880,6,67.0,3,2,2,5,2,1200.0,4.0,,0.9542782676702624,0.04572173232973763
457,1833588,8,74.0,6,1,3,1,2,2000.0,5.0,,0.9300311214347752,0.06996887856522484
458,1856197,4,73.0,6,1,2,12,0,6500.0,20.0,,0.9650758054669129,0.03492419453308711
459,1857045,16,37.0,6,1,4,8,3,0.01,8.0,,0.19687846014855614,0.8031215398514439
460,1860585,7,60.0,5,1,5,2,2,1324.2,10.0,,0.8893998258603433,0.11060017413965674
461,1868780,9,74.0,3,1,1,9,0,11605.3,12.0,,0.9052700654992838,0.09472993450071619
462,1873539,8,49.0,4,1,4,8,3,0.01,8.0,,0.7851100490730809,0.2148899509269191
463,1878794,5,58.0,5,1,4,8,1,21000.0,9.0,,0.927341802172423,0.072658197827577
464,1891499,8,43.0,2,1,1,4,2,1200.0,4.0,,0.7063438827448154,0.29365611725518465
465,1893505,5,76.0,3,3,4,8,0,6053.35,7.0,,0.9827175080789989,0.017282491921001116
466,1895451,8,78.0,1,1,1,9,2,3000.0,2.0,,0.948273010532171,0.05172698946782902
467,1896628,4,76.0,4,1,1,4,0,6000.0,6.0,,0.9727547881168913,0.02724521188310871
468,1897829,15,48.0,5,1,1,9,2,500.0,9.0,,0.33915496676193224,0.6608450332380678
469,1898779,7,68.0,5,2,2,5,3,0.01,12.0,,0.9431609343439495,0.056839065656050514
470,1901788,7,61.0,1,2,4,8,1,28780.4,0.0,,0.9386654043890162,0.061334595610983714
471,1902814,10,64.0,2,2,3,6,0,5100.0,11.0,,0.855028527860765,0.14497147213923506
472,1907808,7,56.0,3,0,1,4,2,3000.0,11.0,,0.8174318481970082,0.18256815180299177
473,1916432,8,39.0,5,0,4,8,2,5000.0,1.0,,0.6049985325384513,0.3950014674615488
474,1917439,10,62.0,4,1,2,5,0,6053.35,5.0,,0.7916878396984897,0.20831216030151029
475,1919512,11,35.0,5,1,1,4,2,600.0,8.0,,0.3986693812575951,0.6013306187424049
476,1936239,8,35.0,3,1,4,13,2,1000.0,6.0,,0.6209076235026918,0.37909237649730815
477,1938339,8,55.0,5,2,4,13,3,0.01,8.0,,0.873122942897504,0.12687705710249592
478,1939297,7,47.0,4,0,2,10,2,1200.0,9.0,,0.7334548625577825,0.26654513744221753
479,1941658,6,63.0,2,2,4,13,1,30131.7,6.0,,0.9547524258754095,0.045247574124590434
480,1943634,7,33.0,3,1,2,5,3,0.01,9.0,,0.6446237790795963,0.3553762209204037
481,1946366,7,50.0,6,2,1,9,2,4198.0,1.0,,0.8577549531497208,0.1422450468502791
482,1952552,12,57.0,6,2,3,11,2,1000.0,4.0,,0.723977057215331,0.276022942784669
483,1953516,8,42.0,3,3,2,12,3,0.01,5.0,,0.8185412894279366,0.18145871057206345
484,1954504,11,45.0,3,1,1,9,2,720.0,4.0,,0.5580845239013134,0.44191547609868664
485,1976389,6,49.0,6,1,1,7,2,920.0,4.0,,0.8366754433023564,0.16332455669764356
486,1978349,9,70.0,3,2,3,1,2,3000.0,8.0,,0.9218375531630391,0.07816244683696094
487,1979671,6,39.0,2,1,2,10,3,0.01,7.0,,0.773366325128833,0.22663367487116698
488,1983636,9,37.0,5,1,1,7,2,420.0,1.0,,0.5624302572003148,0.4375697427996852
489,1986597,8,62.0,1,1,3,6,2,3750.0,2.0,,0.8870079153319312,0.11299208466806882
490,1988824,9,67.0,2,2,0,0,0,6000.0,1.0,,0.8976694064385533,0.10233059356144672
491,1991744,9,59.0,2,1,4,13,0,7400.0,28.0,,0.7993170055243728,0.2006829944756272
492,1996495,15,52.0,4,2,4,8,2,3000.0,5.0,,0.5021700578493221,0.4978299421506779
493,2009935,9,50.0,4,2,4,13,2,1200.0,9.0,,0.7949145600617261,0.2050854399382739
494,2015668,7,35.0,3,1,4,8,2,500.0,1.0,,0.6813583506887827,0.3186416493112173
495,2022370,12,39.0,6,1,1,4,3,0.01,5.0,,0.4082737946938909,0.5917262053061091
496,2024128,12,68.0,5,1,0,0,0,18678.8,3.0,,0.7688510059201653,0.2311489940798347
497,2034743,19,38.0,0,1,1,4,3,0.01,9.0,,0.11236265307227289,0.8876373469277271
498,2035618,11,32.0,1,1,1,9,3,0.01,5.0,,0.40080747184373033,0.5991925281562697
499,2038765,7,30.0,6,1,2,5,3,0.01,4.0,,0.598330189137217,0.40166981086278297
500,2044978,10,59.0,3,1,2,12,3,0.01,10.0,,0.7900174325447533,0.20998256745524665
501,2046008,8,53.0,5,3,4,8,0,6000.0,1.0,,0.8808267570445574,0.11917324295544267
502,2053047,14,53.0,3,2,2,12,2,480.0,5.0,,0.5669583243928601,0.4330416756071399
503,2056623,12,53.0,6,1,1,7,3,0.01,5.0,,0.60451234905575,0.3954876509442499
504,2063115,13,53.0,6,1,1,9,3,0.01,8.0,,0.5400289006290295,0.4599710993709705
505,2069148,7,48.0,6,2,5,2,3,0.01,7.0,,0.8544885547565775,0.1455114452434225
506,2080303,11,61.0,3,1,2,12,3,0.01,5.0,,0.7727124543459585,0.22728754565404158
507,2094428,14,76.0,6,1,1,9,2,500.0,9.0,,0.7571524179446243,0.2428475820553757
508,2095491,11,44.0,3,1,2,5,3,0.01,5.0,,0.5621813165061207,0.43781868349387926
509,2107996,9,39.0,1,1,4,8,1,30649.4,1.0,,0.6673867297564962,0.3326132702435038
510,2109565,6,35.0,6,1,4,13,3,0.01,5.0,,0.7298903258554994,0.2701096741445006
511,2115328,11,63.0,2,1,2,5,0,19000.0,12.0,,0.775095620583669,0.224904379416331
512,2124033,11,62.0,6,1,1,7,0,12000.0,2.0,,0.7483360116300195,0.2516639883699805
513,2125013,9,50.0,5,1,3,11,3,0.01,8.0,,0.7432997319574344,0.2567002680425657
514,2138107,12,34.0,5,1,2,12,3,0.01,4.0,,0.3590520672617835,0.6409479327382165
515,2139995,8,69.0,2,0,3,11,3,0.01,7.0,,0.8952800694788821,0.10471993052111792
516,2176327,22,30.0,6,1,4,8,2,1750.0,4.0,,0.035052459197366215,0.9649475408026338
517,2180774,10,44.0,3,1,2,10,3,0.01,8.0,,0.6199338424043361,0.3800661575956638
518,2196948,9,79.0,3,0,4,8,2,4000.0,2.0,,0.9211276836496722,0.07887231635032779
519,2200279,7,40.0,3,2,1,4,3,0.01,4.0,,0.7856201270794393,0.2143798729205607
520,2206358,11,25.0,6,1,4,8,2,2400.0,1.0,,0.3009559749220546,0.6990440250779454
521,2219816,5,57.0,4,2,1,9,2,3000.0,4.0,,0.9369538873286227,0.06304611267137726
522,2222930,7,23.0,1,1,2,12,2,1000.0,5.0,,0.5143589900563263,0.4856410099436737
523,2233118,8,57.0,1,0,4,8,1,25000.0,1.0,,0.8334209429303786,0.1665790570696214
524,2235056,10,35.0,3,2,4,8,3,0.01,8.0,,0.5832669158360185,0.41673308416398147
525,2238446,8,42.0,6,1,0,0,3,0.01,5.0,,0.67998049400919,0.32001950599080997
526,2242419,12,33.0,5,1,4,8,3,0.01,8.0,,0.3501751490458408,0.6498248509541592
527,2245329,9,46.0,6,1,4,8,2,5000.0,2.0,,0.700420170725828,0.2995798292741721
528,2252104,12,43.0,3,1,4,8,3,0.01,9.0,,0.4948702774198702,0.5051297225801298
529,2262231,17,33.0,3,3,4,13,2,5000.0,1.0,,0.23541091705641815,0.7645890829435819
530,2263890,6,71.0,6,0,3,1,0,12000.0,2.0,,0.929081986598265,0.07091801340173498
531,2272474,14,35.0,5,1,3,6,3,0.01,4.0,,0.267726321858724,0.732273678141276
532,2275317,7,54.0,3,2,1,4,2,4500.0,11.0,,0.8814959174642663,0.1185040825357337
533,2281147,13,66.0,4,1,3,11,2,2000.0,5.0,,0.7233368326977558,0.27666316730224416
534,2284065,16,37.0,6,1,4,13,3,0.01,8.0,,0.19872610910342703,0.801273890896573
535,2303191,3,58.0,1,2,2,12,2,3000.0,2.0,,0.9664623106994219,0.0335376893005781
536,2303523,10,49.0,1,2,4,8,3,0.01,8.0,,0.762426394908012,0.23757360509198797
537,2327007,8,45.0,5,0,1,9,3,0.01,10.0,,0.6576729539053853,0.34232704609461473
538,2330202,8,36.0,4,1,1,4,3,0.01,8.0,,0.6161207363959771,0.38387926360402286
539,2332280,4,71.0,6,0,2,12,0,10500.0,15.0,,0.9510662994867118,0.04893370051328817
540,2334992,10,54.0,2,1,4,8,2,2000.0,5.0,,0.748554171760242,0.25144582823975803
541,2335131,8,55.0,6,2,1,7,3,0.01,9.0,,0.8589023866994513,0.14109761330054874
542,2337916,7,72.0,3,1,4,13,1,26053.3,8.0,,0.949686591497944,0.05031340850205603
543,2344521,7,40.0,6,2,2,12,3,0.01,4.0,,0.7828405520061458,0.21715944799385425
544,2345242,3,55.0,3,1,1,7,3,0.01,5.0,,0.9443553945670556,0.055644605432944354
545,2350696,5,57.0,3,3,2,5,2,5000.0,4.0,,0.9550845006817531,0.04491549931824694
546,2353571,10,63.0,2,1,2,12,3,0.01,8.0,,0.8298592649684204,0.17014073503157956
547,2357844,10,53.0,4,0,3,11,2,1500.0,5.0,,0.6603670580657601,0.3396329419342398
548,2360020,14,70.0,6,2,1,7,1,20294.5,3.0,,0.7730195829153741,0.22698041708462588
549,2365723,14,56.0,6,3,4,8,0,6000.0,2.0,,0.6577752531403356,0.3422247468596644
550,2372991,12,49.0,0,1,1,3,0,14000.0,3.0,,0.5580303413558882,0.44196965864411175
551,2373998,12,70.0,3,2,1,4,1,29374.7,24.0,,0.8460332265238107,0.15396677347618928
552,2384248,3,77.0,4,1,2,12,0,15053.8,4.0,,0.9821725607879762,0.017827439212023784
553,2387123,6,63.0,1,2,1,9,0,18000.0,13.0,,0.9410499239351827,0.05895007606481723
554,2390949,6,68.0,1,1,4,8,0,19411.2,5.0,,0.9474419560311991,0.05255804396880093
555,2395363,5,48.0,4,0,2,12,3,0.01,5.0,,0.8395483585579211,0.16045164144207888
556,2397285,5,68.0,3,1,2,10,2,1500.0,9.0,,0.9533945293044395,0.04660547069556055
557,2400227,7,49.0,6,2,1,7,3,0.01,5.0,,0.8511470044669257,0.1488529955330743
558,2405253,7,73.0,3,2,2,10,2,2000.0,4.0,,0.9587532560545474,0.04124674394545254
559,2420252,10,59.0,3,1,4,8,0,6000.0,2.0,,0.7804028481322334,0.21959715186776665
560,2423170,11,67.0,6,1,1,9,0,6000.0,2.0,,0.7907655526581581,0.20923444734184196
561,2428547,10,56.0,2,1,1,4,0,9000.0,1.0,,0.7425634725970465,0.25743652740295353
562,2428563,7,56.0,3,1,1,4,1,20383.7,3.0,,0.8726812484520073,0.12731875154799266
563,2443090,9,69.0,1,1,3,6,2,5000.0,18.0,,0.8916117697363182,0.10838823026368179
564,2444100,8,75.0,3,2,4,8,0,8000.0,2.0,,0.9518909971351925,0.04810900286480751
565,2445271,13,42.0,3,2,4,13,3,0.01,5.0,,0.5045862793239544,0.4954137206760456
566,2449706,13,42.0,5,0,1,9,2,0.02,8.0,,0.3078412511538916,0.6921587488461084
567,2452650,6,50.0,6,2,1,9,2,1000.0,6.0,,0.8793173534713358,0.1206826465286642
568,2469219,7,51.0,4,2,4,13,3,0.01,5.0,,0.8800389764380805,0.11996102356191957
569,2488981,12,25.0,1,1,2,10,0,6000.0,2.0,,0.2403300040078642,0.7596699959921358
570,2502917,10,50.0,6,1,5,2,2,3000.0,8.0,,0.6863717501003419,0.3136282498996581
571,2510294,8,36.0,0,1,0,0,3,0.01,9.0,,0.6254495912572853,0.3745504087427147
572,2513684,9,64.0,2,1,1,7,2,300.0,7.0,,0.857153200385512,0.14284679961448796
573,2565641,7,55.0,5,3,1,4,2,3000.0,8.0,,0.9117138098809952,0.08828619011900485
574,2681226,15,61.0,2,1,4,8,0,7500.0,4.0,,0.5396834247450263,0.4603165752549737
575,2744937,11,67.0,6,2,2,12,0,9000.0,2.0,,0.8443733472231141,0.1556266527768859
576,2750171,10,37.0,2,2,4,13,3,0.01,7.0,,0.6196339631455277,0.3803660368544724
577,2752220,9,55.0,4,1,3,6,2,2000.0,4.0,,0.7906721316076784,0.2093278683923216
578,2759365,10,67.0,2,1,4,8,2,3000.0,8.0,,0.8593999123489452,0.14060008765105483
579,2765551,12,43.0,5,1,1,9,3,0.01,5.0,,0.4716567519681628,0.5283432480318372
580,2786591,5,45.0,5,1,4,8,0,19465.7,3.0,,0.855186724831616,0.14481327516838405
581,2789647,12,75.0,5,1,4,8,1,24106.7,23.0,,0.8450352887315767,0.1549647112684233
582,2791471,5,52.0,4,2,1,9,2,100.0,1.0,,0.9179780974636663,0.08202190253633372
583,2792567,10,56.0,4,3,2,12,0,6000.0,1.0,,0.8387608336636418,0.1612391663363582
584,2805332,7,61.0,4,1,4,13,3,0.01,6.0,,0.9042025499566184,0.09579745004338164
585,2838230,7,49.0,6,0,2,12,3,0.01,5.0,,0.7638086462981261,0.23619135370187394
586,2840502,8,63.0,0,1,1,3,0,7000.0,6.0,,0.8742604584669502,0.12573954153304978
587,2844192,7,69.0,5,0,1,9,2,2000.0,11.0,,0.8996774273138677,0.10032257268613229
588,2859114,4,42.0,6,1,2,10,3,0.01,5.0,,0.8609601888359822,0.13903981116401778
589,2867451,15,53.0,5,1,1,7,0,6000.0,3.0,,0.3912988401107803,0.6087011598892197
590,2879999,7,56.0,2,1,2,12,2,0.02,5.0,,0.8684622484162076,0.13153775158379247
591,2882337,2,40.0,6,2,4,13,3,0.01,5.0,,0.9290495029636311,0.07095049703636887
592,2882965,5,35.0,2,1,4,13,3,0.01,5.0,,0.7900013516522624,0.20999864834773768
593,2903679,7,53.0,1,2,4,8,2,2460.01,8.0,,0.8896231829049142,0.11037681709508582
594,2904608,6,35.0,6,1,4,8,3,0.01,6.0,,0.7262354334639769,0.27376456653602316
595,2912872,3,38.0,4,1,4,8,0,5192.69,5.0,,0.854997479518907,0.1450025204810929
596,2914093,12,64.0,4,0,1,9,2,3750.0,10.0,,0.6710353209327937,0.3289646790672062
597,2915928,16,28.0,6,3,1,9,3,0.01,4.0,,0.20494312432929507,0.7950568756707049
598,2920077,8,29.0,3,1,4,8,2,1500.0,4.0,,0.5402542492594824,0.45974575074051766
599,2920816,7,71.0,2,0,4,13,2,1000.0,4.0,,0.9240603002002631,0.07593969979973687
600,2926687,13,43.0,5,2,2,5,2,50.0,11.0,,0.46316933861514786,0.5368306613848521
601,2931974,6,70.0,5,1,4,13,2,1000.0,9.0,,0.947782441462886,0.05221755853711396
602,2932385,12,65.0,3,1,5,2,2,2215.4,4.0,,0.7712082756522349,0.22879172434776504
603,2935112,13,57.0,2,1,4,8,3,0.01,9.0,,0.6319412168951566,0.36805878310484336
604,2949733,9,67.0,4,0,4,8,2,1000.0,9.0,,0.8442684037386785,0.15573159626132144
605,2951029,6,73.0,0,1,1,4,2,600.0,7.0,,0.9560428468001922,0.04395715319980772
606,2956632,3,73.0,5,3,1,9,0,6000.0,2.0,,0.9863626704023987,0.01363732959760134
607,2958864,9,41.0,5,1,2,5,0,12000.0,6.0,,0.6032592375447564,0.3967407624552436
608,2960850,11,64.0,1,1,2,12,0,6000.0,4.0,,0.7832190519118338,0.21678094808816617
609,2963388,7,43.0,5,1,4,13,3,0.01,5.0,,0.7715782466601208,0.22842175333987927
610,2966697,6,32.0,4,1,4,8,2,3050.0,10.0,,0.6849935989276815,0.3150064010723185
611,2972719,2,58.0,2,1,1,9,0,6550.0,12.0,,0.9558110501215891,0.044188949878410974
612,2981033,6,70.0,2,1,2,12,0,6000.0,8.0,,0.9434657629666389,0.05653423703336116
613,2981823,16,60.0,4,2,4,13,2,3000.0,2.0,,0.5605138340746254,0.4394861659253746
614,2985322,11,49.0,6,2,1,7,3,0.01,10.0,,0.6720198047283721,0.32798019527162786
615,2989123,5,62.0,4,1,3,6,0,6000.0,5.0,,0.9311417402625567,0.0688582597374433
616,2991403,6,49.0,5,1,2,12,2,1608.0,10.0,,0.8399057682988018,0.1600942317011982
617,2996030,7,59.0,6,1,1,9,2,5000.0,4.0,,0.8792179788959726,0.12078202110402733
618,2997789,8,53.0,3,2,1,9,2,1000.0,5.0,,0.8491246068748082,0.15087539312519185
619,2997940,9,32.0,2,2,4,13,3,0.01,5.0,,0.6149340798418454,0.38506592015815455
620,2998564,8,37.0,1,1,4,8,3,0.01,5.0,,0.6687346185832879,0.33126538141671213
621,3000567,7,60.0,2,3,1,9,0,12053.3,3.0,,0.9345667755503466,0.06543322444965341
622,3003442,20,62.0,6,1,2,5,2,1600.0,4.0,,0.25364401561113825,0.7463559843888617
623,3010457,6,32.0,6,1,2,5,2,0.02,5.0,,0.6648058759554996,0.3351941240445004
624,3012158,11,79.0,1,1,1,9,2,5000.0,16.0,,0.8948131277128679,0.10518687228713207
625,3013030,12,37.0,5,1,4,8,0,6000.01,5.0,,0.37077477854400764,0.6292252214559924
626,3022374,8,62.0,5,1,4,8,0,13500.0,5.0,,0.8731688069591038,0.12683119304089618
627,3027457,8,68.0,6,1,1,4,2,2200.0,5.0,,0.9005812338364293,0.09941876616357072
628,3028984,9,51.0,6,1,1,9,0,6001.74,4.0,,0.7132002972974203,0.28679970270257976
629,3029913,13,39.0,6,1,3,6,2,1500.0,2.0,,0.35527595888511054,0.6447240411148895
630,3030695,6,55.0,1,1,1,9,0,7000.0,29.0,,0.8607147436495786,0.13928525635042147
631,3035840,3,57.0,4,1,4,8,2,2500.0,6.0,,0.9503521567420441,0.04964784325795586
632,3037894,12,50.0,1,1,4,13,2,600.0,9.0,,0.5899582228640072,0.4100417771359928
633,3041514,9,36.0,5,2,1,4,3,0.01,4.0,,0.6308693269764989,0.36913067302350105
634,3051145,7,51.0,1,2,4,8,0,6000.0,2.0,,0.8707242654386815,0.12927573456131852
635,3051153,7,67.0,2,2,4,8,0,12000.0,8.0,,0.9423115162063957,0.057688483793604195
636,3053628,13,68.0,3,2,4,8,1,20364.4,3.0,,0.8186167699024807,0.18138323009751933
637,3054357,12,53.0,3,0,2,10,3,0.01,8.0,,0.5487647334525757,0.4512352665474243
638,3066959,4,76.0,3,0,4,13,2,2000.0,12.0,,0.9694416385789709,0.030558361421029055
639,3083780,16,47.0,4,1,4,13,2,2790.0,8.0,,0.3024399091147595,0.6975600908852405
640,3089746,6,52.0,3,0,2,12,2,500.0,11.0,,0.8246484197528415,0.17535158024715847
641,3095320,6,44.0,2,1,1,4,3,0.01,5.0,,0.8148145604297145,0.18518543957028552
642,3108244,7,29.0,6,2,4,8,2,360.0,8.0,,0.6492038919857748,0.3507961080142253
643,3111806,9,55.0,5,0,1,9,0,20000.0,4.0,,0.7233192755253753,0.27668072447462466
644,3113930,6,61.0,3,2,1,9,2,900.0,4.0,,0.9358616718874219,0.06413832811257815
645,3113957,7,69.0,6,1,2,5,3,0.01,9.0,,0.9282923739117492,0.07170762608825075
646,3116905,8,70.0,1,1,4,8,2,3000.01,15.0,,0.9204412362498564,0.07955876375014363
647,3120082,5,43.0,6,1,2,12,3,0.01,5.0,,0.8370184424889291,0.1629815575110709
648,3124495,6,77.0,2,1,1,9,0,6000.0,3.0,,0.9611702791015159,0.038829720898484105
649,3124762,25,36.0,5,1,2,12,2,2000.0,5.0,,0.022967054068330328,0.9770329459316697
650,3125157,8,38.0,2,1,4,8,0,12035.6,6.0,,0.6505936621016664,0.3494063378983337
651,3460630,10,66.0,2,3,4,8,0,6053.35,7.0,,0.9053307102074675,0.09466928979253247
652,3461939,15,58.0,2,2,2,5,2,100.0,10.0,,0.5671806805593631,0.43281931944063695
653,3463133,13,46.0,2,0,1,9,2,420.0,10.0,,0.3697620442583329,0.6302379557416671
654,3464075,7,46.0,3,1,2,5,3,0.01,18.0,,0.7801000870096516,0.21989991299034842
655,3464423,11,63.0,2,2,4,8,2,4000.0,1.0,,0.8451135013077542,0.15488649869224574
656,3464601,4,75.0,2,1,2,12,3,0.01,8.0,,0.9769942181856603,0.023005781814339665
657,3464717,7,54.0,3,1,4,13,3,0.01,7.0,,0.8658198750688402,0.13418012493115977
658,3465373,15,44.0,5,1,4,8,3,0.01,4.0,,0.32834338482034886,0.6716566151796511
659,3465624,12,65.0,3,2,2,12,0,12100.0,10.0,,0.7960894301626265,0.2039105698373736
660,3467155,6,46.0,4,1,2,5,2,3000.0,1.0,,0.8270844761759318,0.17291552382406816
661,3467236,8,67.0,3,1,4,8,0,6000.0,7.0,,0.8984907063753041,0.10150929362469584
662,3467759,7,45.0,6,1,4,13,0,6000.0,9.0,,0.7550204355197083,0.24497956448029173
663,3467856,5,36.0,4,2,4,8,2,50.01,8.0,,0.8241708823777117,0.17582911762228826
664,3467929,9,27.0,1,1,4,8,0,10000.0,3.0,,0.4451014758294519,0.5548985241705481
665,3468534,11,59.0,4,0,4,8,0,6000.0,2.0,,0.6670638452283513,0.3329361547716487
666,3469115,8,46.0,5,2,1,9,0,6000.0,2.0,,0.771376224644348,0.22862377535565204
667,3469689,7,37.0,3,1,4,8,3,0.01,10.0,,0.7057915050482688,0.2942084949517311
668,3469778,6,78.0,5,1,2,5,0,6000.0,21.0,,0.9568191031137473,0.043180896886252734
669,3470091,4,79.0,3,2,4,13,2,2007.95,1.0,,0.9867408365971874,0.01325916340281263
670,3470806,7,55.0,2,1,3,6,2,2000.0,5.0,,0.8652593768588577,0.13474062314114238
671,3470938,6,65.0,6,0,4,8,0,6000.0,2.0,,0.9030589650902653,0.09694103490973476
672,3472132,10,55.0,3,1,3,6,2,1020.0,9.0,,0.7426838737990441,0.2573161262009559
673,3473589,8,52.0,5,1,1,7,2,3000.0,5.0,,0.7919185635666003,0.20808143643339969
674,3474887,8,75.0,4,1,1,9,0,15000.0,4.0,,0.9322437404014493,0.06775625959855071
675,3474992,6,44.0,2,1,4,8,2,2000.0,1.0,,0.8245136165892598,0.17548638341074022
676,3476448,10,36.0,4,1,2,5,2,1100.0,4.0,,0.49364482969612467,0.5063551703038753
677,3476588,6,64.0,1,2,4,8,2,3000.0,14.0,,0.94871487127868,0.05128512872131997
678,3477177,7,47.0,6,2,2,12,3,0.01,8.0,,0.838788735911316,0.16121126408868405
679,3477231,3,58.0,4,1,1,9,0,19171.9,13.0,,0.9466229448782796,0.053377055121720404
680,3477630,9,48.0,5,2,1,7,0,10500.0,5.0,,0.7484584260569547,0.2515415739430453
681,3477681,6,65.0,4,1,1,9,2,3213.27,17.0,,0.9248369315170369,0.07516306848296304
682,3478122,8,57.0,3,0,2,12,3,0.01,8.0,,0.8049951540632483,0.1950048459367517
683,3478521,6,44.0,3,1,4,8,3,0.01,5.0,,0.8251123717318234,0.1748876282681766
684,3478580,5,49.0,0,1,1,4,0,16000.0,4.0,,0.8787381278468491,0.12126187215315087
685,3478645,5,44.0,5,1,1,7,2,1005.0,8.0,,0.8312155549732729,0.16878444502672701
686,3478866,12,38.0,1,1,4,8,0,15500.0,5.0,,0.4215970127130475,0.5784029872869525
687,3479013,8,46.0,4,1,2,12,3,0.01,8.0,,0.7468643354368383,0.2531356645631617
688,3479102,10,28.0,5,1,4,8,3,0.01,5.0,,0.40533241651779583,0.5946675834822042
689,3479870,6,73.0,4,1,4,8,0,9053.35,7.0,,0.9533584585705337,0.046641541429466325
690,3480801,2,36.0,6,0,4,13,3,0.01,8.0,,0.8478476635374106,0.15215233646258944
691,3481301,5,74.0,2,1,4,13,2,3000.0,2.0,,0.9706116967005152,0.029388303299484823
692,3481913,6,48.0,5,2,4,13,0,6053.34,4.0,,0.8701281503519175,0.12987184964808254
693,3482677,9,62.0,3,0,1,9,0,6000.0,11.0,,0.775653171535827,0.22434682846417298
694,3484858,9,44.0,2,0,1,4,0,12000.0,20.0,,0.5550232877743992,0.4449767122256008
695,3484920,11,58.0,3,1,1,9,1,20406.2,3.0,,0.7421391928834069,0.25786080711659315
696,3485013,13,71.0,4,1,4,13,3,0.01,5.0,,0.7902573786200263,0.20974262137997365
697,3485765,7,65.0,4,3,1,9,0,5800.0,2.0,,0.9457118549585447,0.054288145041455266
698,3486265,10,76.0,2,1,2,5,0,11800.0,8.0,,0.8992570777034777,0.10074292229652224
699,3486346,10,58.0,5,1,1,9,0,6000.0,2.0,,0.7486564702185052,0.2513435297814948
700,3486400,8,69.0,6,2,4,13,2,1420.0,24.0,,0.9262807589047217,0.07371924109527833
701,3486699,8,72.0,6,2,1,4,0,7000.0,4.0,,0.9335206529809876,0.06647934701901237
702,3486788,12,33.0,6,1,2,12,2,500.0,9.0,,0.3198837260482196,0.6801162739517804
703,3486966,6,29.0,3,2,4,8,0,10000.0,1.0,,0.7135841255721711,0.28641587442782884
704,3487164,10,39.0,2,1,3,6,0,10000.0,3.0,,0.5386327667430424,0.4613672332569576
705,3487237,8,59.0,1,0,1,4,0,6860.0,9.0,,0.7973269099405483,0.20267309005945164
706,3487415,7,45.0,5,2,4,13,3,0.01,5.0,,0.8367442423215765,0.1632557576784235
707,3488640,9,68.0,5,1,1,7,0,12000.0,2.0,,0.8748414186149366,0.12515858138506342
708,3488705,16,49.0,3,1,4,8,2,2000.0,2.0,,0.33643252819823977,0.6635674718017602
709,3489051,7,74.0,2,1,2,10,3,0.01,8.0,,0.9499603377207956,0.05003966227920438
710,3491684,14,45.0,3,2,1,9,0,7000.0,2.0,,0.43060498800504265,0.5693950119949573
711,3491781,12,73.0,6,3,3,6,2,3000.0,3.0,,0.8984672248678317,0.10153277513216834
712,3492184,10,54.0,2,2,1,7,1,50050.0,10.0,,0.8294940163813627,0.1705059836186374
713,3493261,2,63.0,4,1,4,8,2,5000.0,1.0,,0.9731757906394252,0.02682420936057483
714,3493458,18,62.0,3,2,2,5,1,23000.0,9.0,,0.46188856357204167,0.5381114364279583
715,3494349,9,32.0,3,1,1,9,0,10000.0,1.0,,0.4886241558254554,0.5113758441745446
716,3495272,9,62.0,6,1,0,0,0,6000.0,2.0,,0.8169858604394082,0.18301413956059173
717,3496511,11,58.0,0,2,4,8,3,0.01,8.0,,0.8093083867426208,0.19069161325737918
718,3497143,6,67.0,4,0,3,6,3,0.01,5.0,,0.9234308152580682,0.07656918474193171
719,3497674,6,58.0,5,2,1,9,1,20610.7,3.0,,0.9283675199825897,0.07163248001741032
720,3498492,5,58.0,2,2,5,2,2,3000.0,8.0,,0.9458916426747059,0.05410835732529409
721,3499804,13,48.0,6,1,4,13,3,0.01,8.0,,0.4923397271561455,0.5076602728438545
722,3500438,10,57.0,3,1,4,8,2,3053.35,12.0,,0.7684536912227637,0.23154630877723625
723,3500691,17,57.0,4,2,4,8,0,12105.3,8.0,,0.42775980614764253,0.5722401938523575
724,3500977,4,65.0,3,1,1,4,0,6000.0,2.0,,0.9527431859151757,0.04725681408482433
725,3502902,8,75.0,3,2,4,13,0,6000.0,2.0,,0.9517149091877144,0.048285090812285596
726,3504220,12,34.0,3,3,4,8,3,0.01,8.0,,0.5220114047713493,0.4779885952286507
727,3504891,6,74.0,2,2,4,13,2,3000.0,12.0,,0.9702706147720661,0.02972938522793387
728,3505073,6,76.0,1,1,4,8,3,0.01,8.0,,0.9668961707682977,0.03310382923170233
729,3505294,6,58.0,2,1,4,8,2,3000.0,2.0,,0.9118615536416841,0.08813844635831593
730,3505413,5,36.0,6,1,4,8,3,0.01,5.0,,0.7836034222530682,0.2163965777469318
731,3505642,10,37.0,6,1,1,9,3,0.01,5.0,,0.5060025457357367,0.4939974542642633
732,3505871,13,35.0,4,1,1,7,3,0.01,8.0,,0.3065120685229682,0.6934879314770318
733,3507300,9,43.0,4,1,4,8,2,50.01,8.0,,0.6553279031155981,0.34467209688440187
734,3507440,10,44.0,6,2,1,9,3,0.01,8.0,,0.6686527432895104,0.33134725671048953
735,3508420,4,38.0,4,1,2,12,3,0.01,8.0,,0.8352966401309903,0.1647033598690098
736,3508471,8,57.0,3,3,1,4,2,3000.0,8.0,,0.9038478468163652,0.09615215318363478
737,3508765,13,62.0,5,1,4,8,0,18426.7,8.0,,0.669671616426172,0.330328383573828
738,3509648,9,55.0,6,1,5,2,1,24300.0,9.0,,0.8027105350941584,0.19728946490584165
739,3509915,10,46.0,3,2,4,8,2,3120.0,9.0,,0.7120610161934919,0.28793898380650806
740,3510646,7,66.0,3,2,1,4,2,1200.0,8.0,,0.9356777541421686,0.06432224585783144
741,3510808,8,56.0,4,1,4,13,3,0.01,5.0,,0.848386506201836,0.15161349379816402
742,3511073,8,55.0,4,2,5,2,2,23.84,18.0,,0.8600162494518251,0.1399837505481749
743,3513653,8,53.0,4,2,4,8,3,0.01,4.0,,0.8644263009082376,0.13557369909176245
744,3516601,14,58.0,5,1,2,10,2,100.0,18.0,,0.5272451410723401,0.4727548589276599
745,3517225,8,56.0,5,1,4,13,3,0.01,8.0,,0.843016965182676,0.15698303481732398
746,3517357,11,67.0,5,1,3,1,0,12620.9,11.0,,0.7982890806375421,0.20171091936245789
747,3517462,8,51.0,3,1,5,2,3,0.01,5.0,,0.8119243456456527,0.18807565435434728
748,3518108,10,55.0,3,0,1,7,3,0.01,5.0,,0.6880086608709066,0.31199133912909344
749,3518876,7,65.0,2,2,4,13,2,3000.0,8.0,,0.9403528550648664,0.05964714493513354
750,3519406,13,69.0,2,2,2,12,2,5000.0,5.0,,0.8137029097930711,0.18629709020692886
751,3520498,8,57.0,1,2,1,9,0,17496.5,16.0,,0.8712390361076954,0.12876096389230468
752,3521850,11,36.0,3,1,5,2,3,0.01,7.0,,0.46506579131545245,0.5349342086845476
753,3522318,7,51.0,1,0,2,5,0,6000.0,3.0,,0.7739618308003123,0.22603816919968767
754,3522512,5,58.0,4,1,2,12,2,1000.0,5.0,,0.9214708008855532,0.07852919911444675
755,3522709,7,65.0,4,1,4,8,0,12000.0,2.0,,0.9149641837046805,0.08503581629531948
756,3524000,6,59.0,4,3,4,8,2,5000.0,6.0,,0.9501856399134675,0.04981436008653255
757,3526224,8,51.0,5,2,2,12,3,0.01,4.0,,0.8421646202964138,0.1578353797035862
758,3526860,7,62.0,3,2,1,9,2,4884.25,11.0,,0.9221424361613848,0.07785756383861518
759,3527271,6,70.0,5,2,4,13,1,32000.0,4.0,,0.9680000724975701,0.03199992750242983
760,3527344,6,41.0,3,1,2,10,2,3052.66,10.0,,0.7781527277717233,0.22184727222827677
761,3528006,11,48.0,2,2,2,12,0,6000.0,1.0,,0.6654196059927109,0.33458039400728906
762,3528324,20,22.0,5,2,4,13,2,100.0,2.0,,0.05058848159121021,0.9494115184087898
763,3528537,9,74.0,3,1,1,9,0,6000.0,12.0,,0.9014828768454753,0.09851712315452464
764,3529312,8,46.0,6,1,0,0,2,50.0,1.0,,0.7188981241654113,0.2811018758345887
765,3529657,9,32.0,1,1,2,12,0,6000.0,2.0,,0.49803873579167146,0.5019612642083285
766,3529916,8,32.0,6,1,2,10,3,0.01,5.0,,0.5665820943874216,0.43341790561257837
767,3530183,13,49.0,5,1,1,9,2,500.0,9.0,,0.4713709760926471,0.5286290239073529
768,3530264,10,28.0,4,3,4,8,0,7000.0,16.0,,0.5056203981450333,0.4943796018549666
769,3530574,12,63.0,2,2,4,13,0,5500.0,13.0,,0.7781636361055888,0.22183636389441116
770,3531090,12,76.0,2,2,2,5,2,364.38,9.0,,0.8846338942193833,0.11536610578061669
771,3532240,9,59.0,4,0,1,9,2,3000.0,8.0,,0.7655363116599629,0.23446368834003706
772,3533069,8,59.0,4,1,2,12,2,3000.0,9.0,,0.8535695896510784,0.14643041034892157
773,3534618,6,56.0,2,3,2,12,0,7305.32,9.0,,0.9332817715171878,0.06671822848281214
774,3534731,8,71.0,3,1,4,8,1,20767.5,3.0,,0.9318213708642843,0.06817862913571568
775,3535282,10,63.0,2,2,4,8,0,6000.0,4.0,,0.8587170072027897,0.14128299279721038
776,3535614,4,61.0,6,1,2,5,2,3000.0,1.0,,0.9460653745945019,0.05393462540549814
777,3535959,5,43.0,1,0,4,8,2,50.0,10.0,,0.7988152808561926,0.20118471914380748
778,3536378,11,48.0,3,1,4,8,2,900.0,5.0,,0.6167436055542254,0.38325639444577464
779,3536890,5,58.0,4,0,5,2,3,0.01,5.0,,0.9068615894793586,0.09313841052064144
780,3537102,6,57.0,2,0,4,8,2,4500.0,8.0,,0.8750812962976333,0.12491870370236667
781,3537250,16,47.0,1,2,2,5,2,1000.0,5.0,,0.3692543166441219,0.6307456833558781
782,3538311,7,53.0,5,2,2,12,3,0.01,4.0,,0.8844341006299745,0.11556589937002547
783,3538494,6,77.0,5,1,1,7,0,6000.0,32.0,,0.9500041012879662,0.04999589871203384
784,3539164,7,69.0,5,2,1,7,1,25162.8,4.0,,0.9505964136294142,0.04940358637058587
785,3539652,12,52.0,2,0,3,6,3,0.01,5.0,,0.5494023057894999,0.45059769421050017
786,3541304,18,48.0,3,2,1,7,3,0.01,7.0,,0.2703616621389784,0.7296383378610216
787,3541401,8,71.0,5,1,2,12,2,4884.25,31.0,,0.9074250478305885,0.09257495216941149
788,3541614,16,58.0,3,1,4,13,2,5000.0,9.0,,0.453823027388074,0.546176972611926
789,3542319,11,54.0,3,2,0,0,0,8000.0,1.0,,0.7187280528415723,0.2812719471584277
790,3542785,8,51.0,2,1,4,8,2,3000.0,5.0,,0.8062483537239656,0.1937516462760344
791,3543773,11,54.0,4,1,1,4,2,1500.0,8.0,,0.6652234810916314,0.33477651890836857
792,3544990,12,61.0,2,3,4,13,0,6000.0,1.0,,0.8223506444720786,0.17764935552792135
793,3545040,16,69.0,5,1,4,13,2,3000.0,8.0,,0.5948772151170474,0.40512278488295267
794,3545830,11,49.0,4,1,4,8,3,0.01,5.0,,0.6392220675715602,0.3607779324284398
795,3546020,6,47.0,4,2,4,8,3,0.01,8.0,,0.8790532759741826,0.12094672402581742
796,3546357,12,49.0,2,1,1,4,2,600.0,5.0,,0.5527818937887499,0.4472181062112501
797,3546608,9,55.0,2,1,4,8,0,10000.0,5.0,,0.7895183964695678,0.21048160353043216
798,3546888,7,67.0,4,1,1,9,0,11035.6,9.0,,0.9132858566616098,0.08671414333839021
799,3547736,9,61.0,6,2,4,8,2,1000.0,4.0,,0.875856465671798,0.124143534328202
800,3547965,4,49.0,3,2,1,7,2,900.0,9.0,,0.9214346545288551,0.07856534547114494
801,3548333,10,45.0,5,3,2,5,3,0.01,10.0,,0.7479196732434845,0.2520803267565155
802,3549283,10,54.0,6,1,1,9,2,100.01,5.0,,0.713932368913465,0.286067631086535
803,3550206,8,72.0,6,1,1,7,3,0.01,8.0,,0.9217283360452989,0.07827166395470105
804,3550346,14,52.0,6,1,1,9,0,6053.34,6.0,,0.4289341320353587,0.5710658679646413
805,3550427,6,65.0,6,1,1,9,2,3000.0,2.0,,0.9288490675628214,0.07115093243717863
806,3550583,9,70.0,3,1,1,9,2,3000.0,5.0,,0.8955030001178862,0.10449699988211382
807,3550710,10,40.0,6,1,1,9,3,0.01,5.0,,0.5480906081060686,0.4519093918939314
808,3550869,7,53.0,1,0,3,6,2,3000.0,7.0,,0.8111552495031281,0.18884475049687188
809,3551253,11,37.0,5,1,0,0,3,0.01,4.0,,0.439169202051892,0.560830797948108
810,3551512,3,69.0,3,0,3,6,0,6000.0,12.0,,0.959431259440811,0.04056874055918906
811,3552055,5,74.0,4,1,2,12,0,6000.0,2.0,,0.9639981700293139,0.03600182997068614
812,3552489,7,33.0,3,1,4,8,2,1500.0,13.0,,0.6395325402870042,0.3604674597129957
813,3553019,8,58.0,3,1,4,8,3,0.01,4.0,,0.8641868958007648,0.13581310419923523
814,3555135,11,47.0,6,0,4,8,0,6053.35,6.0,,0.4877237710641331,0.5122762289358669
815,3555933,11,53.0,6,1,1,4,3,0.01,8.0,,0.6558647162177467,0.3441352837822534
816,3556271,8,46.0,2,1,4,13,2,3000.0,22.0,,0.7388506212042931,0.2611493787957069
817,3556344,11,50.0,2,0,4,8,3,0.01,5.0,,0.5903441561427378,0.4096558438572622
818,3556573,3,70.0,6,1,4,8,2,3000.0,8.0,,0.9742394922301147,0.025760507769885258
819,3557448,14,40.0,4,1,4,13,2,100.0,1.0,,0.3302791848837928,0.6697208151162072
820,3557685,8,56.0,4,2,1,9,2,3000.0,10.0,,0.8649932503798561,0.13500674962014397
821,3557863,8,46.0,6,1,4,13,3,0.01,4.0,,0.754776573793681,0.24522342620631898
822,3558185,8,44.0,4,1,4,8,3,0.01,5.0,,0.737800408529117,0.26219959147088295
823,3559424,7,48.0,1,1,4,8,0,6105.32,7.0,,0.8023171309541649,0.1976828690458351
824,3559491,15,71.0,4,1,1,9,2,1500.0,5.0,,0.6646114006205942,0.3353885993794058
825,3560147,9,32.0,6,1,4,8,2,600.0,1.0,,0.508407144603181,0.491592855396819
826,3560546,7,51.0,4,1,4,8,3,0.01,9.0,,0.8388323536841804,0.16116764631581956
827,3560619,9,60.0,4,1,3,11,0,11858.5,2.0,,0.8287743276966486,0.17122567230335134
828,3561216,6,52.0,3,1,1,9,0,8200.0,7.0,,0.8544740033284322,0.1455259966715678
829,3561275,8,48.0,6,2,2,5,3,0.01,7.0,,0.8096936727445352,0.19030632725546484
830,3562573,12,74.0,2,2,4,13,3,0.01,7.0,,0.8885066137172323,0.1114933862827677
831,3563790,4,42.0,4,1,4,8,2,4884.25,8.0,,0.8657522849547727,0.13424771504522726
832,3564827,15,67.0,4,0,1,4,2,1000.0,9.0,,0.5278573692978685,0.4721426307021315
833,3565556,5,23.0,3,2,2,12,2,480.0,5.0,,0.6926309166361986,0.3073690833638015
834,3566064,7,33.0,6,1,4,8,2,2000.0,11.0,,0.6291863474744197,0.37081365252558024
835,3566110,6,50.0,3,3,1,7,3,0.01,5.0,,0.917921024847149,0.08207897515285102
836,3566161,4,51.0,3,1,4,8,2,2200.0,14.0,,0.9113136644333827,0.08868633556661729
837,3566307,9,72.0,3,0,1,9,0,12000.0,17.0,,0.8592677523462615,0.14073224765373848
838,3566412,13,72.0,5,0,1,7,0,11500.0,3.0,,0.7031834318740573,0.2968165681259427
839,3566552,12,60.0,3,0,3,6,0,8400.0,3.0,,0.6233880021953715,0.3766119978046285
840,3566811,5,20.0,1,1,1,9,2,1208.13,3.0,,0.5904467327059666,0.40955326729403346
841,3567745,9,29.0,4,1,4,8,0,10000.0,3.0,,0.45761138457539574,0.5423886154246043
842,3567893,16,43.0,3,1,1,4,3,0.01,6.0,,0.25298455309379,0.74701544690621
843,3568490,11,63.0,5,1,2,12,2,300.0,9.0,,0.7689474588978796,0.23105254110212037
844,3568733,10,55.0,4,0,1,9,0,12000.0,6.0,,0.6588277124127287,0.34117228758727125
845,3569373,12,61.0,6,1,1,9,2,1500.0,5.0,,0.6949796199536524,0.3050203800463475
846,3570118,7,78.0,6,0,2,5,2,435.0,5.0,,0.9385611346162605,0.06143886538373953
847,3570169,4,43.0,4,1,1,9,0,6000.0,8.0,,0.8474633280707446,0.15253667192925535
848,3570428,9,63.0,3,3,4,8,2,1705.44,21.0,,0.910716562669619,0.08928343733038102
849,3571866,10,44.0,1,1,0,0,0,6000.0,1.0,,0.58532091544462,0.41467908455538005
850,3573397,10,53.0,4,1,4,8,0,9630.0,10.0,,0.7074409583867467,0.29255904161325325
851,3574393,7,60.0,2,1,1,9,2,4000.0,1.0,,0.8944367225302083,0.1055632774697916
852,3575098,9,45.0,3,2,4,8,2,2000.0,4.0,,0.7544637362843063,0.24553626371569373
853,3575365,12,40.0,3,1,1,7,2,2000.0,4.0,,0.42776183433668014,0.5722381656633199
854,3575624,11,68.0,1,1,4,13,0,15000.0,3.0,,0.8379038061872758,0.16209619381272422
855,3576523,10,51.0,6,1,2,12,2,3422.48,6.0,,0.6896656996435645,0.3103343003564355
856,3577449,14,57.0,2,2,4,8,2,800.0,9.0,,0.6307471641298049,0.3692528358701951
857,3578283,8,74.0,2,3,1,7,0,9000.0,13.0,,0.9570149085288957,0.042985091471104256
858,3578690,7,43.0,2,3,4,8,3,0.01,8.0,,0.8648196591872271,0.1351803408127729
859,3578763,10,51.0,1,1,1,9,3,0.01,5.0,,0.714216584022562,0.28578341597743795
860,3579115,7,31.0,6,1,2,5,2,531.36,7.0,,0.5916758801232436,0.40832411987675643
861,3579530,11,24.0,4,1,4,13,0,6053.35,6.0,,0.27150432954531734,0.7284956704546827
862,3579921,8,45.0,4,1,2,5,3,0.01,4.0,,0.7381944629938662,0.2618055370061338
863,3581047,4,46.0,6,2,4,8,2,3000.0,9.0,,0.9113870393894078,0.08861296061059216
864,3581233,13,33.0,2,3,1,9,3,0.01,5.0,,0.4368525260932392,0.5631474739067608
865,3581411,2,61.0,3,3,1,4,0,8513.0,4.0,,0.9799458290956843,0.020054170904315716
866,3581675,6,55.0,2,1,4,8,3,0.01,5.0,,0.8994885011182542,0.10051149888174578
867,3581888,12,66.0,1,0,1,9,0,6000.0,2.0,,0.6951636380570922,0.3048363619429077
868,3583031,4,47.0,2,0,4,8,2,3000.0,8.0,,0.8662252887584689,0.13377471124153106
869,3583279,10,55.0,6,1,4,8,2,4234.11,12.0,,0.7376902926440904,0.26230970735590964
870,3583953,12,65.0,3,2,2,12,2,3000.0,8.0,,0.80851758786119,0.19148241213881004
871,3584437,7,66.0,2,1,3,6,0,6000.0,6.0,,0.9143630674793122,0.08563693252068781
872,3584852,20,48.0,6,2,1,9,2,500.0,9.0,,0.16469469629096778,0.8353053037090322
873,3584909,6,51.0,5,0,1,7,3,0.01,8.0,,0.8169645881692711,0.18303541183072894
874,3585093,9,57.0,5,2,4,8,2,3000.0,1.0,,0.8563298447774135,0.14367015522258653
875,3585174,4,77.0,5,1,4,8,0,6035.46,9.0,,0.9754256068690295,0.024574393130970502
876,3585573,11,44.0,1,1,4,8,0,6053.35,7.0,,0.545613909502934,0.4543860904970661
